-0.1997611076,-0.0561201498,0.1148547381,-0.9714702964,0.5756655931,0.829051733,0.8684478402
-0.2795321047,-0.0573042743,0.0002902359,-0.958424747,0.2937068939,0.8195568919,0.8880423307
-0.0861864984,-0.116430968,0.0363116898,-0.9887856841,0.5174143314,0.8095118999,0.8987461329
-0.0361127332,0.0746664554,0.1361476481,-0.9872105122,0.2317210436,1.0587102175,1.58291471
-0.1668864042,0.1692467332,0.0688398927,-0.9688991308,0.2095964998,0.7892926335,1.1714448929
-0.1677248776,-0.1711874455,0.0744762123,-0.9679961205,0.2363090962,0.8222042918,0.4139544368
-0.1164243072,0.2326426357,-0.0379244536,-0.9648236036,0.0157900564,0.8630456924,0.4197734892
-0.2036006898,-0.2131399065,0.0779173821,-0.9523901343,0.2155161202,0.8013937473,0.319245398
-0.1200482622,0.2674190104,-0.0552462265,-0.954475522,0.0378710665,0.8337132931,0.4191527665
-0.0991473719,0.0166913234,-0.0130444719,-0.9948472977,0.0802746713,0.8059182763,0.3048866391
0.1852888465,0.0881321952,0.023798041,-0.9784347415,0.6646195054,1.1366480589,0.8991385698
-0.2569818795,0.2566215098,0.0462550633,-0.9305730462,-0.0220118854,0.7026975751,0.8218175173
-0.2380087078,0.4227637947,-0.0869016126,-0.870098114,-0.144316867,0.7894756198,0.4719205201
-0.1370608509,0.2181802243,-0.0103918547,-0.9661800265,-0.1261095256,0.8609678149,0.7569240332
-0.2544467151,0.4022253156,-0.0856010765,-0.8752966523,-0.1323360205,0.8231101036,0.7103210688
-0.1562238932,0.653314054,-0.1018275619,-0.733761549,-0.3298819661,0.8712791801,0.3759506047
-0.1443887949,0.6408781409,-0.0239801314,-0.753559649,-0.923217833,1.0036689043,0.8246753216
-0.1845854223,0.0056021195,0.0432626754,-0.9818478227,0.3732585311,0.8398513794,0.9029738903
-0.048030749,-0.0220020693,0.1143589839,-0.9920338392,0.5286832452,0.9306055903,0.703799963
-0.0804750472,0.0483637489,-3.69317604054E-05,-0.9955826998,0.4865928292,1.0596418381,0.9338270426
-0.0540053956,-0.2749941349,0.0265349355,-0.9595611691,0.5343995094,0.9104594588,0.6183508039
-0.0338402279,-0.5321499109,0.1194653213,-0.837495923,0.9469326139,0.9793591499,0.1916488707
-0.1261015981,0.17487441,-0.0700438321,-0.9739667773,0.055535391,0.7133758068,0.6105310917
-0.1714796573,0.0864630044,0.0415335149,-0.9805070162,-0.061464306,0.8215078712,0.8956969976
-0.238074407,0.0154721187,0.0240161736,-0.970826745,0.323461175,0.9028924108,1.2456502914
-0.1000202,0.0476161689,0.0723202899,-0.9912105799,0.3370566368,0.9501751065,0.6159496903
-0.1764923781,0.2094669938,-0.0505706444,-0.9604252577,0.0500498451,0.7970401645,0.3929368854
-0.0830348358,0.4116981626,-0.0922890976,-0.9028248787,-0.0328501202,0.8197174072,0.3634217083
-0.2569434941,0.1801310182,0.0027884203,-0.9494867921,-0.1144454181,0.7503616214,0.9565443993
-0.0598466322,0.2153823525,0.0280545186,-0.9742903709,0.0428758413,0.9354724884,0.953554213
-0.152833432,0.2649042308,0.0421303771,-0.9511533976,-0.0712217093,0.8653309941,1.3857774735
-0.1369413286,0.5473706722,-0.0182721652,-0.8254081011,-0.3464264274,0.7681779861,0.8243709803
-0.2356027812,-0.0343390889,-0.0017126712,-0.9712410569,0.1191100925,0.8107731938,0.481374383
-0.1698247045,0.0153710665,0.0545961075,-0.983840704,0.2936815321,0.8173783422,0.7513938546
-0.1282314509,0.0080238394,0.0608952157,-0.9898405075,0.2450844198,0.7082079053,0.7131432295
-0.2052577287,-0.152047202,0.1734123379,-0.951146245,0.3857015669,0.8315387368,0.7988648415
-0.0972342193,-0.0284476578,0.1375745833,-0.9852966666,0.1807700843,0.799248457,0.2794056535
-0.1806929559,-0.0291207824,0.1802893281,-0.9664356709,0.2886677384,0.8404824138,0.7997315526
-0.1286543459,-0.2580781579,-0.0128298644,-0.9574337006,0.7259263992,1.012770772,0.5958520174
-0.1987303197,-0.0355944484,0.0401079394,-0.9785860777,0.1502265036,0.8442141414,0.9774111509
-0.1470477432,-0.0653917715,0.0225843675,-0.9867070913,0.5243551135,0.8335840106,0.7897132635
-0.1022991315,-0.1044545025,0.0681549087,-0.9869037867,0.2742932439,0.8826137185,0.3991572857
-0.2153343707,0.0784730762,0.0046784068,-0.9733710885,0.3235740364,0.8694467545,0.6268981695
0.0021609874,-0.2566533089,-0.029342087,-0.9660556316,0.6177015305,0.8689830899,0.6066725254
-0.0663111433,-0.0085489433,0.0119460244,-0.9976909161,0.1628317237,0.8451530337,0.3651906848
-0.1826847196,0.3056583405,0.0557645634,-0.9327859879,0.0563401617,0.8329260945,0.647362709
-0.0810687914,-0.1907628179,0.0071415249,-0.9782568216,0.3939521611,0.8103807569,0.4114981294
-0.1519672275,0.1369528919,0.0243895277,-0.9785474539,0.0951590985,0.8700940013,0.6893122792
-0.1312139034,0.1166963354,0.0137946401,-0.9843651652,0.110045135,0.823223412,0.3730143607
-0.1364978254,-0.0982181504,-0.0579292513,-0.9840557575,0.2726278305,0.9335299134,0.5752823353
-0.1840449125,0.1260391325,0.0250231456,-0.9744821787,0.2267226726,0.8120371699,1.5130842924
-0.1189526841,0.3543075323,0.0508629158,-0.9261369109,-0.094848834,0.7715422511,0.59115839
-0.3378840089,0.1205105856,0.0275449492,-0.9330343008,0.1048318222,0.7470126152,0.7314094305
-0.1058316976,0.0928430185,0.0601237677,-0.9882130027,0.2467492968,0.8405151367,0.7884260416
-0.0927790031,0.0852074325,0.0505175665,-0.9907471538,0.2855061293,0.8047385216,0.6758404374
-0.008272253,0.0666217059,-0.0121347895,-0.9976702929,0.2198965847,0.8339540362,0.939357996
-0.2732738256,0.381667316,-0.0398903638,-0.8820772171,-0.1679460704,0.8333907723,0.8537268639
-0.191132769,0.1530368328,0.0330220833,-0.9689982533,0.2045881301,0.8954541087,1.4531759024
-0.0268127322,-0.0336770453,0.0740991384,-0.9963214397,0.3013570309,0.9958897233,0.9248555899
-0.185592249,0.6713995934,-0.0408939198,-0.7163140774,-0.2324126959,0.7945540547,0.298175633
-0.1089413986,-0.0944996476,0.0288498458,-0.9891255498,0.2390175015,0.8896567225,0.4289077818
-0.1189616099,0.3616870046,-0.0442875326,-0.9236175418,-0.0629365891,0.8605092168,1.1513813734
-0.0764265731,0.0588186122,-0.0006354306,-0.9953386188,0.1439244747,0.794347465,0.4453102648
-0.0731216222,0.3909306824,0.0048682964,-0.9174980521,-0.0195501354,0.789476335,0.5471858382
-0.0388123915,0.4670712948,-0.0495691001,-0.8819756508,-0.2733905315,0.789381206,0.7349062562
-0.0833491981,0.1682569832,-0.0803954601,-0.9789173007,0.0761762932,1.0722938776,0.7383583188
-0.0835303962,-0.5652589798,0.0566848591,-0.8187135458,0.6878583431,0.8740788698,0.1932964772
-0.0436546318,-0.349961251,-0.0175857712,-0.9355812073,0.7914152145,1.1016716957,0.6125442982
-0.0996098295,-0.3429310322,-0.0198113061,-0.9338542223,0.8577254415,0.9900479913,0.6078180671
-0.0980605036,-0.0289582834,0.0077726627,-0.9947286844,0.2010296732,0.8378141522,0.3756476045
-0.0759231448,0.528398037,-0.0320482664,-0.8449876904,-0.0679718554,0.7982185483,0.2727221251
-0.2300551832,-0.084294498,0.1675973833,-0.9549242258,0.4269105792,0.7735654712,0.5679841042
0.0046132738,-0.2431912571,-0.1060715467,-0.9641501904,0.4596712887,1.0855754614,0.7652384639
0.0837021694,-0.110440284,0.0962909609,-0.9856596589,0.2923581004,0.8535898328,0.4393486083
-0.1000924557,0.0766872391,0.0192094985,-0.9918324351,0.3047519326,0.7380657792,0.7696290612
-0.165126726,0.0202663541,0.0695696697,-0.9836068749,0.3102015257,0.6964297891,1.0002971888
-0.2023603022,0.2819123566,-0.0070256228,-0.9378306866,-0.121840395,0.6973260045,0.8720613718
-0.0141496798,0.1730382144,0.1052808091,-0.9791698456,-0.0825992674,1.1194534302,1.431183815
-0.1328053772,-0.2066875398,0.1617463678,-0.9557620287,0.831780076,0.7527672648,0.4464712143
-0.0464863367,0.3844545186,0.0495580398,-0.9206399322,-0.2576210201,0.9331751466,0.6774851084
-0.008152999,0.4522530437,-0.0157502461,-0.8917133808,-0.080937922,0.9746573567,0.6708415151
-0.1635865122,0.1515908092,0.0870224983,-0.9709205627,0.120661363,0.8652645946,0.5973809958
-0.2600100636,-0.0525526069,0.0883469731,-0.9601186514,0.2427288145,0.7801761627,0.5453765392
-0.2302563638,0.4238440692,-0.073247321,-0.8729106784,-0.1381190717,0.8173673749,0.5732134581
-0.1634183079,0.6444416642,-0.0565949753,-0.7448398471,-0.394390583,0.8812063336,0.3718320131
-0.0867930651,0.824418962,0.0180298183,-0.5589950085,-0.6193778515,0.9754987359,0.3045015335
-0.1089817137,0.7068057656,-0.0472878441,-0.697361052,-0.7740801573,0.9920626283,0.5082924366
-0.1549625695,0.7822011709,-0.235362038,-0.5556553602,-0.3574893773,0.8320640922,0.2668859959
-0.2109667063,0.7976165414,-0.1646000147,-0.5405624509,-0.2539595068,0.7756921649,0.2158599049
-0.0813231617,0.7158897519,-0.0526822247,-0.6914572716,-0.6877592802,1.047975421,0.1953621805
-0.0398602374,-0.0110562295,-0.0208152849,-0.9989272356,0.2572516799,0.9482099414,1.1014159918
-0.1673439592,-0.1703631282,0.1569128335,-0.958306253,0.7370725274,0.8869879842,0.9591448307
-0.0619202442,-0.1575922221,0.1538647413,-0.9734764099,0.5032911897,0.9996523261,0.6413013935
-0.0537112541,0.0836262405,0.0085211061,-0.9950121641,0.2357154489,0.9035338759,0.9724075794
-0.0814269558,-0.5385106206,0.0857577026,-0.8342790008,0.9110580087,1.0874048472,0.270257771
-0.1082246602,0.0837697014,0.0344995297,-0.9899898767,0.1912890375,0.9079241753,0.7268360257
-0.0056932778,-0.0847457275,0.0704228655,-0.993894577,0.312903434,0.8418727517,0.674741745
-0.0260530282,0.3414935172,-0.0361319631,-0.9388279319,0.0186446998,0.8728430271,0.4471681416
-0.1839015633,0.0906478167,-0.1149362475,-0.9719840288,-0.1118163317,0.7755949497,0.766556561
-0.0829575881,0.5032055378,-0.1209558249,-0.8516290188,-0.0763670877,0.806127727,0.3597480059
-0.1252455115,0.2554440498,0.034695033,-0.9580491185,-0.387729764,0.8874707222,0.9528934956
-0.2332697064,0.3806773722,0.0516318008,-0.8933107853,-0.0305023212,0.8067687154,0.6069897413
-0.248360917,0.3613038063,-0.0261823405,-0.8983823657,-0.02653227,0.8083553314,0.7891272306
-0.1224483401,0.547888875,-0.1004955992,-0.821416378,-0.1938561499,0.7847178578,0.5653628111
0.0554474406,0.2842473984,-0.1033265367,-0.9515528083,-0.0584461801,0.8464433551,0.5240231752
-0.2328582257,-0.0679146871,0.0128246546,-0.9700516462,0.1912327558,0.8145721555,0.5221508145
-0.1194328889,0.2556574047,-0.0174433831,-0.9592033029,-0.0429299213,0.8578002453,0.6009230018
0.0042620143,0.0958989561,0.0319778658,-0.9948681593,0.2141964734,1.0380741358,0.8351943493
-0.2440714687,-0.1554952711,0.1227445081,-0.9493072629,0.5562513471,0.7696974874,0.7436453104
-0.1672615856,-0.1407711953,0.13811405,-0.9659873843,0.7693405747,0.7783069611,0.9467886686
-0.0255315807,0.0970604122,0.045674745,-0.9939020872,0.3002082706,0.8166959882,0.5649583936
-0.0295186304,0.2791315615,0.0841913372,-0.9560994506,-0.2777793705,0.8467840552,1.0943654776
-0.1484196931,0.1495935172,0.0112474533,-0.9774798751,0.2239967585,0.7172047496,0.8676314354
-0.2886898518,0.2614271045,0.0161676016,-0.9208977222,0.0584574156,0.7505514026,0.5015305877
-0.1383306682,0.4158309996,-0.0542890653,-0.8972190022,-0.0524481721,0.7798444629,0.3162429333
-0.1208487004,-0.0498841591,-0.0416650623,-0.9905408621,0.1201375946,0.7901911736,0.3971161246
-0.0031385501,0.0091731297,0.0179837737,-0.9997912645,0.0472615361,1.2295184135,1.2414437532
-0.052146744,0.1881444305,0.0472743511,-0.9796159863,0.2052699924,0.8068374991,0.7202751637
-0.0512962751,0.2476554811,0.2022888362,-0.946105063,-0.1363316327,1.0935678482,1.4400844574
-0.0476005748,0.2911044359,0.0124516878,-0.9554253221,0.1052164882,0.8661149144,1.5689296722
-0.0384391993,0.0698935986,0.0417058542,-0.9959408045,0.2985735238,0.8229404092,0.5176596642
-0.118375659,0.3127313554,0.0403935425,-0.9415703416,0.0675539821,0.7637242675,0.4739060104
-0.1547255963,-0.0006896575,0.0588752925,-0.9862014055,0.1142332256,0.8022572994,0.9076316953
-0.1815830469,0.4942114949,-0.007748046,-0.8501309156,-0.0975022092,0.8040344715,0.3674355149
-0.0552072488,-0.3314002156,0.1263369322,-0.9333622456,0.3764356673,0.874234736,0.3484647572
-0.0065150354,-0.0637212619,0.0864672512,-0.9941934943,0.3274959326,0.8634442687,0.4533527195
-0.0338402279,-0.5321499109,0.1194653213,-0.837495923,0.9469326139,0.9793591499,0.1916488707
-0.1135833859,0.0476538353,0.0041416576,-0.9923763871,0.0705939308,0.8188708425,0.4235355258
-0.1892234683,-0.1928197742,0.1536055654,-0.9504843354,0.6398507357,0.7952642441,0.5741876364
0.010947668,-0.2518960834,0.0865261704,-0.9638162851,0.7068501115,1.1268411875,0.6548457742
-0.274977088,-0.1478052437,0.131758675,-0.9408405423,0.4893218577,0.7533271909,0.6530348063
-0.0980467871,-0.1993980557,-0.0074639278,-0.9749726057,0.3886024356,0.8303852081,0.4899426699
-0.2344501466,0.0011840506,0.1594035774,-0.9589693546,0.309405148,0.7912265658,0.6443932056
-0.2390371263,0.2716900706,0.0765155852,-0.9290808439,0.0699121654,0.7902109623,0.7089758515
-0.2466825098,-0.0723912045,0.0795038939,-0.9631128907,0.459330678,0.8447706103,0.6072579026
-0.1266475767,0.1489711106,-0.0284496732,-0.9802849889,0.0647944435,0.880439043,0.9666624069
-0.0049722386,0.3926071823,-0.1433036327,-0.908459723,-0.2961759567,0.8515719771,0.8733251095
-0.2773715258,0.2953119278,-0.0015563255,-0.9142502546,0.015430931,0.7743127942,0.5124517679
-0.0260764211,0.4327189028,-0.1055439264,-0.894949615,-0.2692765594,0.8622526526,0.860114634
-0.0699476674,0.0010819035,-0.0439834557,-0.9965799451,0.4290837049,0.9829816818,1.0010534525
-0.1473252922,-0.4693731666,0.0614322387,-0.868452847,0.6058526039,0.8399160504,0.3262505829
-0.1112984642,0.07652089,-0.0098535838,-0.9907876253,0.3752658069,0.789313972,0.6018204093
-0.1021931097,0.0182412025,0.0085074436,-0.9945610166,0.1649751216,0.8092048168,0.3236952126
-0.1762124598,0.2882068753,0.0511948168,-0.9398218393,0.0289324913,0.7803595662,0.655177176
-0.2076621652,0.0185837615,0.0142856231,-0.9779197574,0.2299052477,0.6903569698,0.6918440461
-0.2013233155,0.2747930586,0.0485154912,-0.9389377236,0.0615757257,0.7639624476,0.4648841023
-0.1797164828,-0.1169840693,0.047114335,-0.9756008983,0.4352293015,0.8543143272,0.6764099598
0.0516574457,-0.2282898873,-0.0330615565,-0.9716595411,0.6123359203,1.1642823219,0.565138936
-0.1478664875,0.1070181727,0.03406661,-0.9826098084,0.0951221809,0.8915855289,1.0322647095
-0.1835561544,0.2977602482,0.1055081114,-0.9308673739,-0.0444918349,0.8421114087,0.6369154453
0.0153059829,0.2544424534,-0.0658976063,-0.9647187591,-0.0126250442,1.0612894297,0.6510183811
-0.1231430694,-0.1175760329,0.0479645617,-0.9842312932,0.3641513586,0.9836608768,0.7039836049
-0.1624602377,-0.0377181172,0.0627637729,-0.9839942455,0.412586689,0.7832663655,0.7699892521
-0.0530138537,-0.3155396283,0.1513012052,-0.9352712035,0.7495828271,0.9177914262,0.5561386347
-0.1247621179,0.4670542777,0.0133960294,-0.8752800822,-0.1192390472,0.8681245446,0.43301934
-0.0961761475,-0.5006186962,0.079878971,-0.8565923572,0.6106616259,0.8662840128,0.2632713914
-0.0059391274,-0.217131868,-0.0423868746,-0.9752035141,0.5569635034,1.0306991339,0.6192386746
-0.1421177685,-0.1271153241,0.2478273213,-0.9498557448,0.4885604978,0.7807669044,0.8064342737
-0.0876433775,-0.5582817793,0.0349539109,-0.8242683411,0.7645511627,0.8531973958,0.19750157
-0.2709622681,-0.0892342627,0.0714520514,-0.9557778239,0.3396192789,0.7725058198,0.761752665
0.2059595138,0.3143670857,-0.0059201792,-0.9266709089,0.0950035602,0.9568215609,0.4633706808
-0.2364707887,0.1713281721,-0.0070543122,-0.9563882351,0.0162592717,0.7238264084,0.7765313387
-0.210857138,0.1199225336,0.0512841754,-0.9687764645,0.145488739,0.8886511326,0.9139719009
-0.1694219559,-0.0721185952,0.0201330911,-0.9826951623,0.3312036097,0.8413750529,0.8524836302
0.0599410273,-0.3654148579,0.1375587434,-0.9186711907,0.5381567478,0.9544464946,0.3845539093
-0.0670018271,-0.3834492862,0.0827901214,-0.9174002409,0.6377638578,0.8766300082,0.5335872769
-0.0789892003,0.1313876957,-0.0540661067,-0.9866990447,0.0914949477,0.8311920166,0.4570943415
-0.063016966,-0.0444711111,-0.01556163,-0.9968997836,0.3441224396,0.8243073821,0.9095762372
-0.1910665333,0.6138768196,-0.010761464,-0.7658544183,-0.3932525218,0.7868313789,0.3793391287
-0.1999273002,0.2322446406,0.0078923237,-0.9518556595,-0.0450646318,0.8414399624,0.7144496441
-0.0832502469,0.5241012573,-0.0524519645,-0.8459527493,-0.0813674927,0.8088405728,0.3133859336
0.0536536276,0.3627098203,0.018931767,-0.9301637411,-0.3302606046,0.8825880885,0.9214904904
-0.2012587786,-0.034035828,0.0034834298,-0.9789404273,0.278005898,0.7614977956,0.8669706583
-0.1114474833,-0.1979526728,0.0785211623,-0.970684588,0.6751307249,0.6938993931,1.0141350031
-0.2358735353,-0.1894296855,0.1785720736,-0.9362649918,0.6420688033,0.7781531811,0.6478453279
-0.1123057455,-0.4644008279,0.0971484706,-0.8730874062,0.6332820058,0.8411726952,0.379689306
-0.2921800017,0.3569170833,-0.0050599491,-0.8872516155,-0.1030667797,0.7262210846,0.5982671976
0.0568507388,-0.2045804709,0.1550970823,-0.9648107886,0.5957741737,0.8820087314,0.5042958856
-0.097907044,-0.1813811958,0.0263100844,-0.9781732559,0.447342813,0.7861612439,0.8359149694
0.0460033603,-0.1418205947,0.0719904974,-0.9861987829,0.3389989436,0.8870529532,0.4775040448
-0.1485390812,-0.1548592597,-0.0244944319,-0.9763989449,0.2594293654,0.8709588647,0.4106851816
-0.012479187,0.2048391253,0.0279062912,-0.978318274,0.1141888872,0.8052700162,0.6420742273
0.0543699004,0.1990821958,-0.031893719,-0.9779535532,0.0739050135,1.2299001217,1.2344789505
-0.1627465934,0.4719752073,-0.0635602847,-0.8641256094,-0.1353553832,0.8372368813,0.4813839197
-0.0378976539,0.4365123212,-0.0799751803,-0.8953350782,-0.1892537028,0.8632015586,1.1350859404
-0.0909791514,0.224020496,0.0127200857,-0.9702453017,-0.2547130883,0.9017509818,0.8320258856
-0.1432892829,0.2104334533,-0.0506584644,-0.9657223225,-0.0130518004,0.8529419303,0.470972091
-0.1981695145,0.2876461446,-0.0257034581,-0.9366579056,-0.0258977879,0.7800008655,0.7331568003
-0.0465375148,0.2205010057,-0.1056524739,-0.9685303569,0.0117261102,0.8350259662,0.31837973
-0.2179452628,0.4142711759,-0.0697057098,-0.8809202313,-0.1341135502,0.8329954147,0.5997604132
-0.2422058582,0.2774057686,0.049674429,-0.9283937216,-0.0711214691,0.7642487884,0.6705117822
-0.1019475907,0.0152307292,0.098203294,-0.9898135662,0.3490871787,0.8802319169,0.8171749711
-0.0494910255,-0.0987260714,0.0372160226,-0.9931862354,0.4013534784,0.8535397649,1.012178421
-0.151314646,-0.0754105672,0.1433787793,-0.975120306,0.5636052489,0.8554818034,0.7309371233
-0.1587464362,-0.010788016,0.0977413356,-0.9824101925,0.3812966645,0.9008706212,0.7953740358
-0.0631190315,-0.5443899632,0.0332074761,-0.8357948065,0.6880497336,0.8484824896,0.1814815551
-0.1957762986,0.1698816866,0.0482577384,-0.9646154642,-0.0233692322,0.8148644567,0.7765135765
-0.1056550518,0.134264335,-0.0022736196,-0.985294342,0.072383374,0.8299761415,0.6364725828
-0.1824106425,0.0859561339,0.0625433624,-0.9774590731,0.0989719778,0.8841170669,0.7187088728
0.0009429695,0.0869164243,0.1598683447,-0.9833040237,0.2079678178,1.0806245804,0.8898537159
-0.1412001848,-0.311352402,0.0441764891,-0.9387069345,1.0201598406,0.9520247579,0.6200461388
-0.063247472,-0.0115918405,0.1318133622,-0.989186883,0.2127612382,0.7968243957,0.3394779265
-0.0283081532,-0.3218497634,-0.0178234354,-0.9461996555,0.717925787,1.0448499918,0.6169680357
-0.025743125,-0.1568782181,0.2408975661,-0.9574418068,0.4651743472,0.9147670269,0.5946831703
-0.1006375551,-0.165419206,0.0408812948,-0.9802230597,0.4317151904,0.7758951783,0.9470674992
-0.0115356017,0.1790225804,-0.0100858323,-0.9837257266,0.1414618641,0.8107747436,0.7114587426
-0.1119152531,-0.1385789961,0.0011911308,-0.9840068221,0.2758912444,0.8089671731,0.3983177245
-0.1173576266,-0.0406128019,0.153638646,-0.9802922606,0.1560579538,0.7806444168,0.2784985304
-0.2591487765,-0.0715935826,0.1687081009,-0.9482899308,0.5212304592,0.7556426525,0.5849046707
-0.1690611392,-0.0949699208,-0.0509976186,-0.9796929955,0.3286904097,0.8733419776,0.443698436
-0.1028730869,-0.0094655361,-0.034199819,-0.9940612912,0.2493219525,0.7963995934,0.4783546329
-0.0391479619,0.209220767,0.0181666538,-0.9769155979,-0.1365201622,0.6980003715,0.9274821281
-0.1234063506,0.4926965237,0.0267473925,-0.8609911203,-0.1233744323,0.7385115623,0.5821369886
-0.0135818366,-0.2931687832,0.085694395,-0.9521155953,0.4817455411,0.8079319,0.3880900145
-0.1367545873,0.0540695004,0.0174685232,-0.9889739752,0.205257833,0.8383877873,0.460391432
-0.1584746987,-0.0065907855,0.0983415917,-0.9824313521,0.4658688307,1.0561237335,1.3197969198
-0.0858258158,0.1606339812,-0.0038528056,-0.9832680225,0.3692317903,0.8611380458,1.2563829422
-0.0357029587,0.3456475437,-0.0373720825,-0.9369399548,-0.0891463235,0.9040568471,1.526303649
-0.0664996207,0.1065083593,0.0478230603,-0.9909323454,0.1281560063,0.8414719105,0.5795760155
-0.1229752153,0.1073343754,-0.0003543108,-0.9865881801,0.1034395546,0.7922344208,0.3954246342
-0.0927974954,0.3440069854,-0.0164185707,-0.9342260361,-0.0252154153,0.8939729333,0.6013772488
-0.240003705,0.4195392728,-0.0756870061,-0.8721562028,-0.134794578,0.8043473363,0.4906364083
-0.2097203285,0.4336816967,-0.0856515393,-0.8721247315,-0.3603976071,0.8727657795,0.7151014805
-0.1258894056,0.4943518937,-0.1119349077,-0.8527829647,-0.3811360896,0.9635202885,0.6223763227
-0.1857570261,0.4741404057,-0.0171383768,-0.860460043,-0.4059647918,0.8557037711,0.8792933226
-0.1923618168,0.7991918921,-0.1551876515,-0.5479105711,-0.6417503357,0.8477168083,0.1550185531
-0.1646519601,0.5772557855,-0.0796148181,-0.7958183885,-0.6349922419,0.992554903,1.2764197588
-0.1390642524,0.4477012753,-0.0149868652,-0.8831761479,-0.7679470181,0.8374912739,1.2602974176
-0.204685688,0.305790931,-0.0783644244,-0.9265283346,-0.1364884079,0.8250355721,1.2957181931
-0.1592782885,0.321936667,-0.0478895344,-0.9320375323,-0.49848333,0.8417598605,0.8061674833
-0.1233421341,0.2241230607,-0.0196451508,-0.9665245414,-0.5152226686,0.7704765797,1.3802901506
-0.2103722543,-0.0694510639,0.0806831568,-0.9718077779,0.3330756426,0.9396560788,1.2609677315
-0.1476956755,0.0306423847,-0.0108236745,-0.9884988666,0.240781799,0.7849062085,1.0927078724
0.0727895945,-0.1694465727,0.1062998027,-0.9770824313,0.2222657502,0.8678988814,0.5119427443
-0.0213526189,0.1311803162,0.0060004676,-0.9911104441,0.1186268032,0.8391696811,0.9319577217
-0.1249342188,0.0174016505,0.0144308954,-0.9919074178,0.1139794514,0.8339817524,0.4153316319
-0.1280921847,-0.1683875918,0.122413218,-0.969666481,0.46664837,1.0185438395,0.9310925603
-0.1012430042,-0.1192601174,0.0656125173,-0.9855059385,0.4096381068,0.8817346692,0.9027696252
-0.1495398879,0.3188937902,-0.1013131738,-0.9304193854,0.0072112223,0.778375566,0.3271254897
-0.1711960435,0.5460668206,-0.0262736026,-0.8196417689,-0.1879986376,0.7355807424,0.5890892744
-0.1063611358,-0.0115445331,0.0156453531,-0.994137466,0.2682390213,0.8504608274,0.9854074121
-0.1726209223,0.0820884183,-0.0334733389,-0.9809908867,0.1881575137,0.7770836353,0.6302847266
-0.0361408927,-0.2177304477,0.0455433764,-0.9742756486,0.3158530593,0.8575308919,0.7243888974
-0.0074730269,0.2247177362,-0.052394107,-0.9729855657,0.0924534425,0.8517673612,0.7039533257
-0.0813834891,-0.0155793885,0.013542111,-0.9964690804,0.1932109147,0.9981749058,0.933832407
0.0497755259,0.2099477351,0.0546142496,-0.9749162197,-0.1345505565,0.9949396253,1.4457325935
-0.0805597529,-0.0258814767,0.1117658839,-0.9901256561,0.4003063738,1.0641156435,1.4305758476
-0.0434734561,0.0233395677,0.0205431301,-0.998570621,0.6726348996,1.21317482,1.2305802107
-0.1247816086,0.0632631257,0.0136924572,-0.990070641,0.1801344901,0.8216357231,0.3864164948
-0.0727517903,-0.160119608,0.0589206479,-0.9826481342,0.4055557847,0.841149807,0.9409638047
-0.1847865433,0.284324795,0.0192829426,-0.940553844,0.2254447788,0.8309605122,1.3466223478
-0.0543485321,-0.1659308076,0.0646459833,-0.982514143,0.4720012248,0.9516639709,0.6588516235
-0.0571767166,0.5129235983,-0.1171491593,-0.8484787941,-0.095847398,0.797129333,0.3337708712
-0.1033090129,-0.0946225971,0.1024958938,-0.984818995,0.4200198948,0.9935181141,0.8584269285
-0.0119498186,0.3386391103,-0.0488801524,-0.9395698309,-0.0063012983,0.8618898988,0.3648908436
-0.0730718896,-0.1094965488,0.0188306738,-0.9911187887,0.1601219475,0.8993399739,0.4587227702
-0.0400248729,-0.0242403299,0.0042221234,-0.9988957047,0.6291956306,1.1485666037,1.1753422022
-0.0714527741,0.2728618681,-0.0131229255,-0.9593064189,0.0077980985,1.0023862124,1.3528236151
-0.0979050174,0.0679740459,0.009067107,-0.9928303361,0.2001166493,0.797724545,0.389706403
-0.1308726221,-0.1125650257,0.0943042338,-0.980463326,0.2444179952,0.8121879101,0.3525398076
-0.2221752256,-0.2608687878,0.1135607436,-0.9325715899,0.4163866639,0.8025112748,0.4308360219
-0.1968360543,0.4021695256,0.0406222716,-0.8932330012,-0.0194377135,0.8138074875,0.5375026464
-0.1638562381,0.3494398296,-0.0204115026,-0.9222940803,-0.0286030993,0.8116075397,0.8436344266
-0.1097682565,0.6255333424,-0.0147327185,-0.7722965479,-0.6438000202,0.8558251262,0.5810385942
-0.1304708421,0.7726197243,-0.0894242898,-0.6148491502,-0.5035034418,0.9094747901,0.3982765973
-0.1614764631,0.3246364892,0.0173060019,-0.9317923784,-0.1847453266,0.8933913112,0.620013833
-0.1403024346,0.7130446434,-0.1182069182,-0.6766902208,-0.3138830066,0.870800674,0.3746453524
-0.3084333241,0.5266005993,0.0132292174,-0.7920767665,-0.2195625007,0.7340583205,0.7721033096
-0.096989572,0.8274493217,-0.0033998454,-0.5530905128,-0.5819522738,0.9952798486,0.258436203
-0.1289836317,-0.0569697842,-0.031926807,-0.9894940257,0.2894782424,0.8511996269,0.5505674481
-0.1270662397,0.1284580976,-0.0153064057,-0.9834218621,0.01525578,0.8089570403,0.3728838861
-0.1369584501,0.1790861487,0.0440137908,-0.9732592106,0.1709585786,0.8140029907,1.3424428701
-0.0386069193,0.1901883036,-0.0613029934,-0.9790709615,-0.1399240196,0.9550437927,1.3009308577
0.0854451731,0.1354766488,-0.0118266344,-0.9870184064,-0.0245596319,1.0327221155,1.2449040413
-0.2346213311,0.474858135,-0.0615317971,-0.8459766507,-0.2531482279,0.847792387,0.635574162
-0.1870334744,0.0788450316,0.1188984662,-0.9719388485,0.2708902657,0.8348055482,1.3458491564
-0.218729049,0.2351446003,0.0723324344,-0.9442629814,-0.0975128338,0.8410684466,0.8847871423
-0.1283396184,0.6525053382,0.0285922512,-0.7462897301,-0.4064319134,0.7874915004,0.4848435521
-0.1180169135,0.4067089558,-0.0814350992,-0.9022352099,-0.2425862551,0.7965302467,0.7267823815
-0.0645260587,0.2878797054,0.0427276492,-0.9545345306,-0.2258370072,0.968290031,0.8705601692
-0.1208123341,0.3804765642,0.0111393696,-0.9167976379,-0.2149473727,0.993783772,0.6679452658
-0.0994966328,-0.2789908946,0.0036911769,-0.9551182985,0.3461396992,0.921803236,0.4615073502
-0.1505252868,0.1528292447,0.0368684158,-0.9760257602,-0.0374214984,0.8492353559,1.0249536037
-0.1199370623,-0.0268003587,0.0600054897,-0.990604043,0.4639118016,1.0907431841,1.2120505571
-0.0037615641,0.4332166314,-0.0374088958,-0.9005053639,-0.3338621259,0.8752820492,1.2851130962
0.0408003852,0.4374909997,-0.0717427507,-0.895427227,-0.1499000341,0.9168438911,0.8036919832
-0.1673400402,0.5061651468,-0.0477704443,-0.8446964026,-0.1783854812,0.8550832868,0.5792828798
-0.0833590403,0.1068213433,0.0371161662,-0.9900823236,0.2168703675,1.0450142622,1.1199785471
-0.1143769994,0.804377079,-0.0726240575,-0.5784646273,-0.4742200971,0.9082646966,0.4047107399
-0.2569221556,0.4204666317,0.0639462247,-0.8678190112,-0.470050931,0.7356510162,1.0438103676
-0.1841037869,0.8220244646,-0.1855665743,-0.5059117675,-1.0273612738,0.8554722667,0.261952877
-0.1634737998,0.5154147148,-0.0127374604,-0.8411074877,-0.3672326207,0.9172474742,0.5160327554
-0.1294244826,0.7367166281,-0.1128958538,-0.6540278792,-0.8382332921,1.0255943537,0.4234018624
-0.1612859815,0.6434583068,-0.0884059966,-0.7430562973,-0.9420335293,1.0100306273,1.2156194449
-0.1170014218,0.7593063116,-0.0442194864,-0.6385993958,-0.2384155393,0.8323423862,0.2418045402
-0.2887175381,0.1254749298,0.0477694348,-0.9479538202,0.177013129,0.7784927487,0.5728638172
-0.2154121548,0.2492996007,0.0448325016,-0.9430999756,0.0895880163,0.7899940014,0.5714877248
-0.1022101566,0.0776544437,0.0393091254,-0.9909479022,0.2117282301,0.9696257114,1.3194717169
-0.1156930104,0.2478649616,0.0529146045,-0.9604052901,-0.1565441191,0.8357998729,1.0468975306
-0.0372397415,0.4809745848,-0.0413063355,-0.8749688864,-0.3004758954,0.9012015462,1.2081933022
-0.0465986691,0.2006224543,-0.0564238392,-0.9769317508,0.2659231126,0.9419293404,1.2579308748
-0.2649902105,0.3194811344,-0.0266504437,-0.9093963504,0.00338641,0.7716560364,0.4804484546
-0.0769156441,0.3677152097,-0.0139676649,-0.9266468883,-0.2255815864,0.9745993018,0.6369709969
-0.0099612297,-0.2584335804,0.1937747449,-0.9463425279,1.0972787142,1.1210757494,0.5230709314
-0.1590056717,0.4233605564,0.0516907983,-0.8903993964,-0.0190383829,0.8515810966,0.5226011276
-0.2563352883,0.1665508896,0.0489003435,-0.950874269,0.0483935922,0.8113245964,0.7637405992
-0.1482857019,0.4135593176,0.0581401289,-0.8964372873,-0.0072742081,0.7688940167,0.5603781939
-0.0699386224,0.6048633456,-0.047170274,-0.7918484211,-0.0950679258,0.7931743264,0.2387622148
-0.0588453673,0.668985188,-0.0556578003,-0.7388492823,-0.1018927693,0.819883585,0.2536082268
0.072933577,0.323359549,-0.0083795609,-0.9434241056,-0.0981779769,0.96521312,0.849858284
-0.0591671169,0.478471607,-0.0232935958,-0.875797689,-0.1165437549,0.794542551,0.4968948662
-0.120464243,-0.0665625185,0.0296397172,-0.9900401235,0.1587984711,0.8034729362,0.3553895056
-0.2153074443,0.2463552058,0.0646999925,-0.9427437186,0.0201321412,0.7784628868,0.3989192545
-0.2091438472,0.4084606767,-0.0659097508,-0.8860445023,-0.1612188369,0.8480126262,0.6504728794
-0.2092597634,0.7179239392,-0.104939267,-0.6555786133,-0.5549931526,0.8662347794,0.6196245551
-0.2100325078,0.7326602936,-0.0718712211,-0.6433737874,-0.8232825994,0.85345155,0.2330935895
-0.2744268775,0.7381604314,-0.0340390168,-0.6153457761,-0.4117467105,0.7781509757,0.3521181643
-0.1073373035,0.8257902265,-0.0548023805,-0.55095011,-0.2489259094,0.836104393,0.2034477592
-0.3067477047,0.4740431011,-0.020057505,-0.8250980973,-0.5691190958,0.7868834138,0.9610329866
-0.2324484289,0.667881012,-0.0549696162,-0.7048979402,-0.7684961557,0.8448345065,0.4523067772
-0.1238208711,0.7351548076,0.0035007005,-0.6664860249,-0.5542048216,0.7463535666,0.3871574402
-0.1925868988,0.269492805,-0.0370302536,-0.9428216219,0.1237016022,0.854234457,1.0208400488
-0.0899424255,0.5464838147,-0.0301646069,-0.8320792317,-0.1779152453,0.8689265251,0.4407709837
-0.1757963449,0.4692198932,-0.0819947571,-0.8615133762,-0.0767150149,0.7924463153,0.4202194512
-0.0535053946,0.6678360701,0.0538171008,-0.7404295802,-0.2651296258,0.894177258,0.4559386969
-0.0700509772,0.2503233552,-0.0090208631,-0.9655826092,-0.1744104624,0.8572368026,0.6983189583
-0.2255542427,0.4286018312,-0.0655087233,-0.8724301457,-0.1232600063,0.8074504733,0.535210371
-0.0297002736,0.3953443766,-0.0792030171,-0.9146297574,-0.2902336717,0.9196487069,1.3052244186
-0.1012603566,0.4594165683,-0.0564646833,-0.8806217313,-0.2042949349,0.7896561623,0.5520405769
-0.0735738501,0.6311258674,-0.009216018,-0.7721283436,-0.286214292,0.9084389806,0.547029078
0.0410978012,0.4202710986,-0.0959759206,-0.9013721347,-0.1226412505,1.1278470755,1.000867486
-0.1218907163,-0.1940204948,0.0606011935,-0.9715071917,0.302129209,0.8239679337,0.3445817828
0.0002690011,-0.2975498438,0.1398184597,-0.9444124699,1.1350002289,0.997400105,0.5093054771
0.0200480651,-0.2625693381,0.1193774492,-0.9572902322,1.0303174257,1.05093503,0.4860078692
-0.0076947957,-0.3579331636,0.1121185198,-0.9269596338,0.5301165581,0.8183024526,0.2638004422
-0.2293920517,0.6835479736,-0.1501033604,-0.6764691472,-0.5806165934,0.840864718,0.6101164818
-0.0262072086,0.4133929014,-0.1325100362,-0.9004779458,-0.1783351898,0.8812261224,0.8462560177
0.0342865027,-0.2898169458,0.1965588331,-0.9360530376,0.9538043737,0.8753611445,0.4422219098
-0.0834765881,0.0715375021,0.0217992943,-0.9936996102,0.1761400998,0.8590171933,0.4467193782
-0.0861914307,-0.2139093727,0.0678122118,-0.9706778526,0.2317344099,0.8399149776,0.2767570615
-0.1285690814,0.2790040672,0.0102013694,-0.9515895844,-0.0338130221,0.9311115146,0.7854562998
-0.1042724028,0.7482593656,0.0274501536,-0.6545851231,-0.366075635,0.9138905406,0.1938151419
-0.1621691883,0.1424864531,0.0352948122,-0.9757832885,-0.2319441289,0.9308878779,1.4584146738
-0.1680220068,0.5537858605,0.0089793392,-0.8154810667,-0.7846745253,0.8161223531,1.0136119127
-0.0657267794,0.5616661906,0.0069775195,-0.8247196078,-0.9956314564,1.0879713297,0.9656253457
-0.1751746535,0.5019672513,-0.0827809721,-0.8429057002,-1.2264494896,0.978905201,0.9105318189
-0.2075999379,0.5536148548,-0.0514061041,-0.8048418164,-0.5905239582,0.9121331573,0.5742573142
-0.0606702454,0.5552811027,-0.0798022002,-0.8255989552,-0.1132185757,0.8249067664,0.3487579823
-0.0414249673,-0.3506279588,0.1884817034,-0.9164161682,0.7073428631,0.7010629177,0.3090094924
-0.1619228125,0.4207995832,0.0191296898,-0.8923804164,-0.0508964248,0.8448655009,0.600230813
-0.2344908267,0.4210007787,-0.075362511,-0.8729794025,-0.1404314041,0.8001515269,0.4846732616
-0.125808835,0.6029524207,-0.0269961897,-0.7873321176,-0.5695055723,0.9564514756,0.8042277098
-0.1862178743,0.690113008,-0.0393656567,-0.6982244253,-0.5086608529,0.9189514518,0.5160989165
-0.2315723598,0.4151414335,-0.0700317919,-0.8769990206,-0.1376091987,0.8047013283,0.5133305788
-0.1824155748,0.3190199137,0.0078098811,-0.9299945235,0.0065219253,0.8339870572,0.722104311
-0.08651115,0.9267231822,0.0567205176,-0.3612241447,-0.8493955135,1.1536951065,0.4925220311
-0.1518419236,0.7800378799,-0.0590461381,-0.6041510105,-0.7307163477,0.8169746399,0.4978437126
-0.0728246793,0.5538157821,-0.0092886304,-0.8293964267,-0.2164768279,0.8520589471,0.5340419412
-0.2344302535,-0.2507981658,0.0392522477,-0.9384040236,0.3109739423,0.8121365905,0.4746034741
-0.0845110118,0.1887729466,-0.0173206497,-0.9782243371,-0.0895567015,0.8382050395,0.7736890316
-0.0952639505,0.1713649929,-0.0133662317,-0.9804999828,0.0279905181,0.8018777967,0.3071033657
-0.1451011598,0.6459925175,-0.096860908,-0.7431402206,-0.4537991285,0.8881223798,0.4385108054
-0.1457667649,0.7596279383,-0.1712096483,-0.610249877,-0.4209561944,0.7505233884,0.3685675561
-0.0483036302,0.8617559671,-0.1270630807,-0.4887723327,-0.8161251545,0.8179214597,0.1082864255
-0.2304081619,0.6335716844,-0.089487493,-0.7331377864,-0.7581884861,0.85003829,0.3183759451
-0.2585166991,0.6344922781,-0.1030459404,-0.7210896015,-0.730858624,0.8286511302,0.3417460918
-0.1495822817,0.6497526765,-0.000318084,-0.7452828884,-0.6288459897,0.9425215721,0.9236833453
-0.220039472,0.6739528179,0.0235259812,-0.7048523426,-0.7443865538,0.9690608382,0.5188319087
-0.2280125767,0.5385203958,0.0431681834,-0.8100262284,-0.7453215122,0.9137482643,1.1038836241
-0.0569441319,0.6696854234,0.0289459918,-0.7398925424,-0.5524697304,1.0570505858,0.8397240043
-0.2264771014,0.7519057393,-0.1013866961,-0.6107918024,-0.6341927052,0.8483664393,0.3836404383
-0.1764400303,0.8021826744,-0.1202248409,-0.5576002002,-0.6737659574,0.8289784789,0.2959736586
-0.1939081252,0.4104735553,0.0232437439,-0.8907136917,-0.8578497767,0.8831810951,1.1984586716
-0.0781038329,0.0440549403,0.0300031938,-0.99551934,0.2228417099,1.0479202271,1.2153400183
-0.2121548355,0.0478342585,-0.0263619628,-0.9757086635,0.092747055,0.8015343547,0.401928395
-0.2193659991,-0.0389768407,0.0686960146,-0.972440362,0.1109916791,0.7544016242,0.2408369482
-0.0915202275,-0.2142653763,0.0679956228,-0.9700984359,1.130053401,0.9675223231,0.5510618687
-0.0031437094,-0.1438755542,0.0476375818,-0.9884435534,0.3559000492,0.8223249316,0.3443132043
-0.0075003305,-0.4245529473,0.0942943469,-0.9004483819,0.7347827554,0.8570156097,0.4141724408
-0.1950226426,0.277665168,0.0141147207,-0.9405685067,-0.15342623,0.8851208687,0.9021833539
-0.1289746165,0.7274256945,-0.0862006098,-0.6684212089,-0.3131961226,0.8699947,0.3326183856
-0.168891117,0.6254130602,0.0713857412,-0.7584447861,-1.1227964163,1.0194913149,0.6158496141
-0.2086112499,0.5218818784,-0.0795043707,-0.8232858777,-0.9699235559,1.0386754274,1.3273711205
-0.1382847428,0.7991829515,-0.0105798943,-0.5848693848,-0.8351322412,1.0505729914,0.4541304111
-0.2097716182,-0.2339010984,0.0766099393,-0.9462648034,0.2235246599,0.7830400467,0.3399569392
-0.1155861244,-0.1553649753,0.0563241392,-0.9794535637,0.1955292523,0.8225408196,0.3296087086
-0.2172039747,-0.3020373583,0.1795936972,-0.9106822014,0.4459417164,0.771712482,0.2538138032
0.0141216535,0.3083592951,-0.1221329495,-0.9432914257,-0.0725154653,1.105733037,0.9967868924
-0.1331246346,-0.1315606236,0.1371678263,-0.9727048278,0.268311888,0.8399558067,0.4196428657
-0.0514994971,-0.3349227011,0.175992161,-0.9242300987,0.8451442719,0.7169672847,0.3816738427
-0.1056897566,-0.3686359525,0.1325800568,-0.9139802456,0.5336128473,0.7217123508,0.3613012135
-0.1034163684,-0.2907267809,0.0915505216,-0.9467849135,0.3640297651,0.7294834256,0.3300391734
-0.2150003761,0.2822754085,0.0819566399,-0.9313316345,0.0285098571,0.7747600079,0.4205970168
-0.1972505748,0.4189909101,0.011176276,-0.8862358332,-0.0696943402,0.8601002693,0.6981757283
-0.177725479,-0.2698452473,0.0954227224,-0.9415369034,0.3325074911,0.7843460441,0.2419394553
-0.2163743079,0.2956928611,-0.0008387332,-0.9304554462,-0.043736808,0.8685407639,0.8134579659
-0.186326474,0.3941280246,0.019916404,-0.8997493386,-0.0271746963,0.8516583443,0.6088936925
-0.194605127,0.5263765454,-0.0831165761,-0.823497653,-0.665876925,0.9840357304,0.8603945374
-0.1444066614,0.834431529,-0.1665937006,-0.5050913095,-0.528465867,0.8299016356,0.1748533994
-0.0565460287,0.8991571069,-0.0936610699,-0.4237294495,-0.8109149933,0.8040000796,-0.0565584078
-0.1309843659,0.6458311081,-0.0242823754,-0.7517684102,-0.9758124352,0.9174469113,0.7676715851
-0.1516307741,0.4847651422,-0.0262158196,-0.8610014915,-0.6249665618,1.0185002089,0.9046070576
0.0083653862,0.6796917319,0.0758210793,-0.7295206785,-0.8076714277,1.1005373001,0.9070616364
-0.2420749962,0.495258987,0.1083780304,-0.827268064,-0.7326677442,0.8214480281,1.0586355925
-0.1254979521,0.4854286015,0.0026493913,-0.8652181625,-0.4367662072,0.7481090426,1.0320545435
-0.1416888535,0.5486972928,0.0631851405,-0.8215005398,-1.1598900557,1.0840665102,0.8658136129
-0.1697820723,0.7158645391,-0.0686554313,-0.6737940907,-0.5538676977,0.9189192653,0.4493143857
-0.1634985209,0.4518281817,-0.1596242636,-0.8623455167,-0.9124147892,0.9656733871,0.7676609755
-0.2445981801,0.2982414365,0.0677356794,-0.9201281667,0.0734688342,0.7907864451,0.6899884939
-0.129921481,0.1387914866,0.0120128542,-0.9816889763,0.1658517271,0.8374279141,0.8835617304
-0.1309499145,0.3032250702,-0.0692280382,-0.941336453,-0.0800407678,0.8393129706,1.0026366711
-0.1678302586,0.5421315432,-0.0155041935,-0.8232168555,-0.6747131944,0.9733398557,0.6788643599
-0.096989572,0.8274493217,-0.0033998454,-0.5530905128,-0.5819522738,0.9952798486,0.258436203
-0.2211893052,0.6034270525,0.0443261489,-0.7648439407,-1.3399339914,1.0474795103,0.6801920533
-0.2053661793,0.5840152502,0.015965987,-0.7851726413,-1.2765563726,0.8627865314,0.6877843142
-0.0941757113,0.6954400539,-0.1181267723,-0.7025241256,-1.1325289011,0.9019556046,0.3099636436
-0.0753036737,0.8043735623,-0.0272526126,-0.5887019038,-0.4202315509,0.9201439023,0.1548817754
-0.2291407734,0.7000110149,-0.0077609234,-0.6763275862,-1.069103837,1.0172362328,0.3574698567
-0.2118498683,0.5356149673,-0.0027435634,-0.8174525499,-0.7102332115,0.867797792,0.884208262
-0.211901769,0.5243195891,-0.0410186723,-0.8237137198,-0.6445080042,0.8284155726,1.1056421995
-0.0544756837,0.686393857,0.0962696075,-0.7187684178,-0.6370379925,1.1412042379,0.5318547487
-0.2827381194,0.5645287633,-0.0794176608,-0.7714008689,-0.9023942947,0.8277134895,0.7538888454
-0.0546771623,0.0863416716,-0.0071019051,-0.9947387576,0.155367434,0.8477860093,0.3740273714
-0.1252219975,0.12476293,0.0559538715,-0.9826611876,0.3802651167,0.9882799983,0.9642696381
-0.1296429187,0.6884326935,-0.12449117,-0.7026770711,-1.0089687109,1.0897240639,0.562664032
-0.1733470708,0.5109788775,-0.087075077,-0.8374181986,-1.054294467,1.0298739672,0.9611740112
-0.2671656311,0.6581689715,-0.1204334348,-0.6934925914,-0.4178531468,0.766533196,0.3465891182
-0.1603241116,0.7251448035,-0.0292471014,-0.669033587,-0.691826582,1.0152336359,0.7053560615
-0.2589750588,0.5907768011,-0.0720673129,-0.7607372403,-0.7688869238,0.83681041,0.4504448771
-0.2702937424,0.4948500395,-0.0680188984,-0.8230663538,-0.669916153,0.7892713547,0.8220620155
-0.0705249235,0.7082051635,-0.0070782765,-0.7024397254,-0.916970849,0.8062575459,0.5570424199
-0.1701433063,0.5322659016,-0.0491670445,-0.827844739,-0.594144702,1.0462636948,1.175524354
-0.0969222412,0.146526739,-0.0411115959,-0.9835882783,0.1648720205,0.8181328177,1.4075371027
-0.1653666496,-0.0292059407,0.009408799,-0.9857547283,0.5626488924,0.8094449043,1.3787460327
-0.1847153753,-0.1166220084,0.0796569511,-0.972591579,0.5674839616,0.8139610887,1.1822801828
-0.0922889486,-0.2790361941,0.0621009357,-0.9538161159,0.6710211039,0.8179798126,1.0731400251
-0.1499632895,0.1240728647,0.0978258923,-0.975985229,0.1909233928,0.8426539898,0.5768060684
-0.142203927,0.2012381256,0.0610595308,-0.9672399163,-0.1397564858,0.9471030235,1.000507474
0.0446450375,-0.272018671,0.084800452,-0.9575079679,0.8705375791,1.0639327765,0.6379062533
-0.1566911042,0.7339481115,-0.1227147803,-0.6493914127,-0.530605197,0.8943400383,0.3276301026
-0.1883940995,0.691552043,-0.0561562032,-0.6950612068,-0.5960404873,0.9464635849,0.6835425496
-0.161874339,0.7728251219,-0.09957432,-0.6054940224,-0.5850975513,0.9032126069,0.3439957201
-0.1105749905,0.7374129295,-0.1416692138,-0.6510953903,-0.4160389006,0.9034535885,0.3341234624
-0.1466351599,0.8326637745,-0.1624580026,-0.508700788,-1.0819319487,0.8524939418,0.2297449559
-0.0631909519,0.8850938678,-0.1660063118,-0.4301832616,-0.4366252124,0.8228614926,0.1494736671
-0.0359219983,0.7744501829,-0.0310171749,-0.630852282,-0.5004851818,0.9993544221,0.18662256
-0.0794921294,0.7875546813,-0.1576680392,-0.5904062986,-0.6884892583,0.8834445477,0.38440606
-0.224910602,0.677157402,-0.0240048692,-0.7002120018,-0.5034788847,0.8203582764,0.7293450236
-0.2851639092,0.5012487173,-0.0149103487,-0.8168286085,-0.5095300674,0.8010466695,0.7726855278
-0.2094828784,0.3615698814,0.0638992339,-0.9062566757,-0.0141170761,0.8059723973,0.4998243451
-0.2294608504,0.4334997833,-0.0404511169,-0.8705109358,-0.1693575084,0.8463378549,0.6890079975
-0.1893856078,0.254173547,0.0155050922,-0.9483082294,-0.023470873,0.8625542521,0.6351464987
-0.1691078544,0.7379578352,-0.1931152344,-0.6241212487,-0.6767008305,0.8806965947,0.5909612179
-0.1321298778,0.7654018402,-0.1448977888,-0.6129489541,-0.4842104018,0.8994025588,0.3186453283
-0.0757126808,0.8130397201,-0.0019998902,-0.5772609115,-0.7412119508,1.0373646021,0.401768893
-0.0901559889,0.8568887711,-0.0557539724,-0.5044849515,-0.7465785742,0.8879173398,0.2713985443
-0.0614529997,0.7580119371,0.0255233571,-0.6488375068,-0.3481757641,0.9826430678,0.2885773778
-0.109869726,0.7754004002,-0.0792591199,-0.6167665124,-0.7142264843,0.982270062,0.1135178506
-0.2251105309,0.7461875081,-0.0425603352,-0.6250744462,-0.9263042212,0.9264039993,0.1717285216
-0.2873471975,0.4627622962,-0.0513428077,-0.8370463252,-0.55140692,0.7995576859,0.807698369
-0.1307507157,0.0049422919,-0.0775564089,-0.9883647561,0.4325250387,0.8480021358,1.3798222542
-0.1902227551,-0.062047042,0.0857539922,-0.9760183096,0.7020313144,0.8329892755,1.3733402491
-0.1740013808,-0.0022439631,0.0410979614,-0.983884871,0.6411213875,0.8245377541,1.2675355673
-0.2553843856,0.6208013892,0.0235103685,-0.740831852,-0.9938242435,0.9862983227,1.0328098536
-0.272133857,0.2592932582,0.097298041,-0.9215440154,-0.6418216228,0.8461553454,1.4584304094
0.0126908878,0.2790478468,0.0475544631,-0.9590150118,-0.3478312194,1.06293118,1.387096405
-0.172552526,0.4566209614,-0.0682878345,-0.8700917959,-0.586076498,0.9174337387,0.9786295891
-0.2362858951,0.4826354682,0.0076521048,-0.8433110714,-0.6424680352,0.8244723678,1.1436810494
-0.0622757711,0.5738437176,0.0648300946,-0.8140161633,-1.1542271376,1.2387752533,0.9640592337
-0.1307073832,0.2331122011,0.1279161125,-0.9550978541,-0.129404828,0.9657037854,0.8956978321
-0.2190298289,0.5492585897,-0.0328535996,-0.8057678342,-0.4928101301,0.771112144,0.7040894628
-0.179607287,0.7010406256,-0.0529518425,-0.688098371,-0.4793912768,0.8877064586,0.3717345595
-0.162226513,0.6276705265,-0.1126473174,-0.7530092597,-0.6861524582,0.9864423871,0.6735550761
-0.1721381098,0.2584831715,0.0038425876,-0.9505473971,0.0209346171,0.9219245315,0.7928769588
-0.0718644261,0.3223630488,-0.0339616425,-0.9432731271,-0.3672444522,0.8945196271,0.9117174745
-0.152177617,0.6872724295,-0.1573265344,-0.692637682,-0.5082435608,0.8681144714,0.5110682845
-0.1916381866,0.4397153854,-0.1432150006,-0.8656874895,-0.3456228971,0.9133441448,0.7465403676
-0.1400785446,0.6323797107,-0.0853865668,-0.757088542,-0.3869335651,0.9145105481,0.3986796737
-0.1329243481,0.7148082852,-0.1301211566,-0.6741281748,-0.4075935185,0.8890313506,0.2988076806
-0.1167423874,0.6263171434,0.02293998,-0.7704362273,-0.9203777313,1.0101162195,0.6240831614
-0.1479944736,0.7673504949,-0.0909148008,-0.6172564626,-0.9553795457,0.8845070004,0.1461655647
0.0200573225,0.5292357206,0.0468780734,-0.8469413519,-0.3999369144,0.8485007286,0.6640811563
-0.1549447179,0.686018765,-0.0958094597,-0.7044082284,-0.8639705777,1.0706762075,0.9720263481
-0.1221028194,0.7304834723,-0.0425858647,-0.6705753803,-0.8359849453,0.8392178416,0.680369854
-0.1437438875,0.7306569219,-0.0632476136,-0.6644381285,-0.9016965032,1.0527422428,0.866424799
-0.1410640627,0.2896989882,0.0063763885,-0.9466439486,-0.0313040353,0.8678002954,1.3827961683
-0.2364986986,0.4610403776,-0.0153954411,-0.8551450968,-0.4013246298,0.7841194272,1.0922064781
-0.1211548224,0.6397290826,-0.0978151113,-0.7526622415,-0.7686291933,0.9062011242,0.492475152
-0.1847384125,0.5710009933,-0.0731576085,-0.7965410948,-0.3432015181,0.8379493356,0.5267188549
-0.1264753342,-0.0670963973,0.127324447,-0.9814736843,1.2385565043,1.0111032724,1.0110443831
-0.2089222819,0.6304562092,-0.1196417212,-0.7379447222,-0.6335127354,0.9449262619,0.9250434041
-0.2067028433,0.581033051,-0.0869810134,-0.7823738456,-0.7467541695,1.0060638189,1.0013240576
-0.0650113747,0.4155198634,-0.0673311949,-0.9047558904,-0.2802441716,0.8680431247,0.7141404152
-0.0927201658,0.7975666523,-0.1942676604,-0.5635162592,-1.0426572561,1.0494432449,0.4877606332
-0.1431865394,0.5897988677,-0.0979470462,-0.7886959314,-0.3795706034,0.9006798863,0.4618523717
-0.1760017872,0.7427856922,-0.1293613911,-0.6328969598,-0.6020043492,0.8993520141,0.4402039051
-0.1447670013,0.5518538356,-0.0805273876,-0.8173218966,-0.390725255,0.9076898098,0.4596503079
-0.096989572,0.8274493217,-0.0033998454,-0.5530905128,-0.5819522738,0.9952798486,0.258436203
-0.2107475549,0.5917138457,-0.1467082202,-0.7641575933,-0.3304596245,0.8035492897,0.6956179142
-0.3648433685,0.6032027006,-0.1407120675,-0.6951518059,-1.0714609623,0.9101521373,0.3129897118
-0.2973415256,0.4176441133,-0.0515442491,-0.8570325375,-0.6164150834,0.7817671299,0.9078623056
-0.2221172899,0.6955205798,-0.0738611966,-0.679308176,-0.726564765,0.8407034874,0.3126591742
-0.2954438329,0.4951514602,-0.0306941122,-0.8164532185,-0.7396807075,0.8119988441,0.741717875
-0.2805347443,0.5382046103,-0.0263622552,-0.7943180203,-0.6940501332,0.833791256,0.8544239998
-0.1988426745,0.7286778092,-0.0484804548,-0.6535595059,-0.525528729,0.84518677,0.5901331306
-0.1019529402,0.7243505716,0.0961841494,-0.6750337482,-0.7602668405,1.1563544273,0.452861011
-0.159629792,0.5100427866,-0.1129352748,-0.8376277685,-0.3553830683,0.9266578555,0.7948430181
-0.1033802256,0.7799990177,-0.1754111648,-0.5917305946,-1.1502537727,0.8402705193,0.2194882184
-0.192091316,0.5823745728,0.0469008833,-0.7885056138,-1.2590771914,0.9858683944,0.6991679668
-0.2192864418,0.6550636888,0.0852834657,-0.7180054784,-1.2798135281,1.11660707,0.6672039032
-0.2099690437,0.609090507,-0.0141958212,-0.764670074,-1.3046680689,0.977291882,0.7383738756
-0.1227230579,0.7078174353,-0.11120978,-0.6867066026,-1.0968618393,0.8801682591,0.2384145558
-0.1687404215,0.8557254076,-0.1390989423,-0.4689479172,-0.3326138556,0.8131935,0.2039567381
-0.1509086639,0.7405737042,-0.0590809956,-0.6521400809,-0.5785829425,0.8295337558,0.4876724482
-0.2136815339,0.6940014958,-0.0510663129,-0.685634315,-0.6320332289,0.8677514195,0.5027447939
-0.3280751109,0.6751217842,-0.1777861267,-0.636372149,-0.6043640375,0.6936041713,0.4577415287
-0.3038752377,0.512806952,-0.0433752909,-0.8017528057,-0.6144172549,0.6645645499,1.0334033966
-0.19191432,0.5494334102,-0.1686651558,-0.7955149412,-0.4395357966,0.9496541023,0.8441058397
-0.0565078147,0.8487452865,-0.0965554938,-0.5168319941,-0.8400150537,0.9391772151,0.3519158363
-0.1716545522,0.691161871,-0.0199168827,-0.7017359138,-0.6947535276,0.9927396774,0.7815499306
-0.1929759234,0.5873330832,-0.0244151,-0.785623312,-0.7593410611,0.9210959077,0.5676911473
-0.1501436681,0.6971465349,-0.0122220609,-0.7009239197,-0.6823859215,0.8491870761,0.4340477586
-0.2516284287,0.6325028539,-0.0752759501,-0.7286678553,-0.7311629057,0.8303759098,0.3824666142
-0.25503847,0.6621697545,-0.1088027582,-0.6961671114,-0.6471275091,0.7939725518,0.5109092593
-0.0229104105,0.5597007871,0.0021531642,-0.8283752799,-0.3905100822,0.8558374047,0.5787757039
-0.2409521341,0.5954213142,0.0066999034,-0.7664011121,-1.3402252197,0.9789828658,0.7632482052
-0.0948929712,0.7492146492,-0.041186545,-0.6541991234,-1.0207184553,0.8445036411,0.2035668641
-0.1296137422,0.9306182861,-0.1558067501,-0.3047528267,-0.4200439751,0.8345742226,-0.0600958578
-0.1652797759,0.6444470286,-0.0507088453,-0.7448484898,-0.7883963585,0.8597393036,0.3857230544
-0.0608777963,0.6486311555,0.1012821421,-0.7518732548,-0.7353848219,1.1554313898,0.7105923295
-0.2889941037,0.4336803854,0.0225848667,-0.8531669378,-0.5942761302,0.8329153657,0.7406499982
-0.1175513268,0.8539829254,-0.139864251,-0.4871682525,-0.5493770838,0.9046859145,0.2058769315
-0.1070465669,0.8998259306,-0.1949997097,-0.375272423,-0.5443764925,0.8565685153,-0.0608100332
-0.1340854317,0.8815658093,-0.2180971652,-0.3966064155,-0.9004460573,0.8834414482,0.0811111778
-0.2266435772,0.5691102743,-0.068975769,-0.7873935699,-0.6718939543,0.855040729,0.9665856361
-0.268735081,0.5334713459,-0.0357928351,-0.8011921048,-0.6226267219,0.850291729,0.8668621778
-0.0711974129,0.9070711732,-0.0902441218,-0.4049800932,-0.4334909022,0.8475684524,0.1312821805
-0.2035803348,0.4969896674,-0.0251934621,-0.8431617618,-0.6516254544,0.9392445683,0.8861447573
0.0680492967,0.7006915808,-0.0301913023,-0.7095696926,-0.7616233826,1.0756822825,0.4091647863
-0.1060443968,0.630456984,-0.046593044,-0.7675334811,-0.8484847546,0.7569186687,0.930752933
-0.062688373,0.5435464382,0.0421424396,-0.8359735012,-0.6471393704,0.8081490397,1.0788577795
-0.2050724179,0.5594909191,-0.0481305718,-0.80162251,-0.5162425041,0.9367454052,1.316924572
-0.0847660229,-0.099055551,-0.0135143986,-0.9913728237,0.585842073,1.0746092796,1.1106356382
-0.2085555792,0.043186266,0.0517070629,-0.9756874442,-0.0016676761,1.0009065867,1.5024808645
-0.1758361608,0.4354733527,0.0171394553,-0.8826951981,-1.0854939222,1.0089650154,1.2306030989
-0.2821263075,0.4086445272,-0.0250378251,-0.8676332831,-0.4632480741,0.8052108884,1.1444308758
-0.1749736816,0.5422148108,-0.0236907732,-0.8214780092,-0.4085846245,0.863342464,0.8791459799
-0.1591424793,0.4695064723,-0.0231818017,-0.8681589365,-0.6323121786,0.9145938754,1.2445992231
-0.1010370404,0.6460381746,-0.0915287733,-0.7510316968,-0.7749450207,0.9396095276,0.8635484576
-0.1300245672,0.5330112576,-0.0096008033,-0.8360027671,-0.7851153016,0.8433876038,0.9038329721
0.0052176202,0.2856228948,0.0735369697,-0.9555022717,-0.4648085535,1.0615874529,1.2968636751
0.0065597771,0.5384004712,0.1148183942,-0.8348045349,-0.7778458595,1.0590802431,1.0336031914
-0.0285464209,0.495777905,0.1321702152,-0.8578580618,-0.7522956729,1.0142784119,1.1046284437
-0.0519708656,0.5910910368,-0.1151510775,-0.796649754,-0.3551571071,0.9229158759,0.462328285
-0.1773143262,0.2904199064,0.0013229811,-0.9403266311,-0.2829417586,0.8123467565,0.8753303289
-0.107179679,0.3813064396,0.0507884435,-0.9168089628,-0.3008271754,0.848846674,1.0999598503
-0.2399176359,0.3086445332,-0.0036226374,-0.9204156995,-0.1061122119,0.8264251351,1.0842329264
-0.216262117,0.79100281,-0.1389816254,-0.5551841855,-0.2873755097,0.7754555345,0.1955498606
-0.1127625331,0.8261704445,-0.0782021582,-0.5464535952,-0.6723125577,0.8260049224,0.0915473178
-0.1461310685,0.9036175013,-0.1274043024,-0.3819546998,-0.5986844301,0.8851571679,0.0689026788
-0.1795842052,0.8962439299,-0.1157667413,-0.3887084723,-0.5204828978,0.8420135379,0.1799454987
-0.188453421,0.7497153878,-0.1779925376,-0.6088767648,-0.7040580511,0.8534433246,0.4994873106
-0.2899121344,0.4324902296,0.0254517067,-0.8533788323,-0.5918994546,0.8378238678,0.963917613
-0.2661694288,0.4617949128,0.0026213212,-0.8461043239,-0.7146554589,0.8819428086,0.698964417
-0.2452307791,0.5017056465,-0.0511033423,-0.8279744387,-0.4537851214,0.8644061089,0.766335547
-0.2359796613,0.7017866373,-0.1009434313,-0.664544642,-0.82388556,0.8654456139,0.3958055377
-0.2804059982,0.5719814301,-0.028944673,-0.7703062892,-0.5179815292,0.7861018777,0.7616992593
-0.1279714108,0.4692562819,-0.0652282089,-0.8713020682,-0.5755479932,0.9119549394,1.2870569229
-0.1586931944,0.3593193889,-0.0171958059,-0.9194619656,-0.2889738381,0.8613619804,0.6937716603
-0.2355876565,0.1574943513,0.1007479951,-0.9537001252,-0.3240712881,0.9940197468,1.722219944
-0.2229167819,0.6741073728,-0.0771482438,-0.6999540329,-0.9037585855,0.8594558835,0.5952084064
-0.1135686636,0.7957700491,-0.0428194851,-0.593311727,-0.5391810536,0.8189736009,0.4192902744
-0.2152504325,0.6222404838,-0.0184580777,-0.7524249554,-0.5395678282,0.8859186769,0.7453973889
-0.2193847001,0.5814110041,0.046603594,-0.7820867896,-0.6849740744,0.920352757,0.5947898626
-0.0413599983,0.6243296266,-0.032958813,-0.7793687582,-0.4595021605,1.0253869295,0.8763150573
-0.1586835533,0.6156228781,-0.0204630364,-0.7716277838,-0.7966030836,1.0560003519,1.4719991684
-0.1273832321,0.5820987225,0.0562064163,-0.8011088967,-0.4007714093,0.8647351265,1.018982172
-0.2014521509,0.4727376997,-0.0537208319,-0.8561835289,-0.6082365513,0.9551620483,1.1164165735
0.0361330211,0.7093828321,-0.0604153089,-0.7012991905,-0.8497575521,1.1357932091,0.6918389201
-0.1291091144,0.6860619187,-0.0852887556,-0.7108979225,-0.7901215553,0.863599956,0.9838729501
-0.0621885359,0.496746242,-0.1075261459,-0.8589610457,-0.4692583084,0.9085793495,0.9831789136
-0.039295461,0.5479990244,0.0923703536,-0.8304340839,-0.5815732479,0.9676614404,1.3093303442
-0.0258676615,0.6925763488,0.0397058949,-0.7197864056,-0.8594906926,0.8718903661,0.8539993763
-0.1698052734,0.5641595721,0.0044853617,-0.8080038428,-0.7322979569,0.9842399955,1.3113526106
-0.2988230884,0.4075151086,-0.0014016733,-0.8629220128,-0.7271205783,0.7838585973,0.9077902436
-0.2542599142,0.6115826964,-0.0247207712,-0.7488040328,-0.6152067184,0.8535078168,1.0496398211
-0.0936738476,0.6775986552,-0.0136484969,-0.7293140888,-0.6121588945,1.0705173016,0.7511832714
-0.0762666985,0.386502713,-0.0448159464,-0.9180362821,-0.5976223946,0.6772396564,1.3338569403
-0.2566591203,0.6813960075,0.0533652529,-0.6833577752,-0.9043265581,0.8842865825,0.403010875
-0.2074471861,0.6703216434,0.0220182817,-0.7121445537,-0.7032369375,0.9600347877,0.5566410422
-0.268245995,0.5576023459,-0.0050847568,-0.7855557203,-0.7499592304,0.8510243893,1.1127226353
-0.2659434974,0.5486890674,0.0232529417,-0.7922585607,-0.5149356127,0.7165350914,0.9661746025
-0.2445732057,0.4549798369,0.0817510262,-0.8523463011,-0.5805433393,0.9223666191,0.9943258762
-0.27750054,0.5906234384,-0.0696916655,-0.7545199394,-0.5387433171,0.8125059605,0.7632557154
-0.2074554265,0.5984849334,-0.0776462182,-0.7699019909,-0.5810251832,0.829451263,0.551684916
-0.1712350249,0.405031532,0.0788052306,-0.8946607709,-0.4419390559,0.8914277554,0.9733713865
-0.1616096497,0.6808021665,-0.073551476,-0.7106201053,-0.9598194361,0.7666537762,0.8335029483
-0.2954449058,0.4898853302,-0.0326720178,-0.8195469975,-0.7973883748,0.8220208287,0.8133350015
-0.2840236127,0.4348761737,0.0244594999,-0.8541750908,-0.7079527974,0.841180861,1.1277375221
-0.2437372804,0.6748389006,-0.0596021637,-0.6939972639,-0.7542718649,0.8687720299,0.3566971123
-0.239978388,0.7088866234,-0.1259627491,-0.6511709094,-0.6411929131,0.7026465535,0.3723008931
-0.117671214,0.6185851097,-0.0300709233,-0.7762743831,-0.5991610289,1.1224727631,0.8987476826
-0.2931527793,0.5209254026,-0.0299036037,-0.8011266589,-0.5478334427,0.7933037281,0.7421293855
-0.2002424151,0.5600922704,-0.0330878124,-0.8031842113,-1.1123269796,0.8627998233,0.9468702078
-0.0873761326,0.6602905989,0.0614890344,-0.7433713079,-0.9117782116,0.8696462512,1.0968675613
-0.2186535001,0.3571811914,-0.0391013809,-0.9072393775,-0.1710281372,0.8799295425,1.0096760988
-0.2009446621,0.5268259645,-0.0300859995,-0.8253305554,-0.702283144,0.950153172,1.0622117519
-0.1619089395,0.7437697053,-0.0702870935,-0.6447107792,-0.6879031658,0.8272752762,0.344229579
-0.2010083795,0.2308605462,0.0779842213,-0.9487978816,-0.446713686,1.0025600195,1.683957696
0.000354653,0.2705311179,-0.0911235958,-0.9583889842,-0.2815876007,1.0693837404,1.2668251991
-0.1444459558,0.5916900039,-0.0175599419,-0.7929249406,-0.6522334218,0.8780241013,0.7294262648
-0.2360551208,0.3733644784,-0.0345127136,-0.8964852691,-0.4979905188,0.8710510135,1.0666357279
-0.1668883711,0.5598050356,-0.0008866501,-0.8116438985,-0.6118762493,0.859609127,0.6284724474
-0.1260321736,0.6611058712,-0.1246602982,-0.7290505767,-0.7308908701,0.7999510169,0.7070744038
-0.1602486223,0.6935184002,-0.0354839154,-0.7014937997,-0.8732389212,1.0157647133,0.6825852394
-0.2064391077,0.4693753719,0.089020662,-0.8538998365,-0.5200532079,0.8360037208,0.8303876519
-0.2925051749,0.3782033324,0.0335045345,-0.877656281,-0.5664278865,0.8119952083,0.9975575209
-0.0318565182,0.5494299531,-0.055118762,-0.8331109881,-0.74490273,0.7470993996,1.2951669693
-0.2189775705,0.5272701383,-0.021650387,-0.8207108974,-0.4571382403,0.9102730155,0.7658394575
-0.018500939,0.5319206715,-0.0940026343,-0.8413570523,-0.7661209106,0.9254011512,1.1750483513
-0.0624409132,0.5399098992,-0.0634372383,-0.8370031714,-0.487996757,0.8658059239,1.1645298004
-0.1673797369,0.4264337122,0.0039463029,-0.8888885379,-0.6719579697,0.8313817382,1.3313018084
-0.0439609513,0.4807418585,0.0064797346,-0.8757355213,-0.4186276495,0.9467003942,0.919236958
-0.0539175048,0.5512881279,0.0758023784,-0.8291130066,-0.8053014874,0.9828186035,1.2199198008
-0.0649283677,0.1710598767,-0.0272241123,-0.9827418923,-0.1131669581,0.842356205,1.3845680952
-0.0897130817,0.6454001665,-0.0121280896,-0.7584610581,-0.6890326738,0.8108835816,1.0220602751
-0.0924312919,0.148176834,-0.0061690002,-0.9846127033,0.4348827899,0.8101420403,1.7646551132
-0.1785831451,0.1867673099,-0.0533041842,-0.9645645618,0.4804627597,0.8060634136,1.6091111898
-0.1896623969,0.3611660302,-0.0294995829,-0.9125334024,-0.3680546284,0.8987793922,1.3174908161
-0.1316801459,0.5523905754,0.0446285047,-0.8219084144,-0.803331852,1.0318781138,1.0824271441
-0.1010308042,0.5468457341,-0.0105369436,-0.831048429,-0.243753463,0.825145185,0.7966778278
-0.1253829002,0.5814751387,0.0340777338,-0.8031217456,-0.812658608,1.0088061094,1.5044893026
-0.2777613103,0.5904325247,-0.0513728559,-0.756041646,-0.8310410976,0.8212897182,0.5834665298
-0.0370759927,0.5472408533,-0.0544460379,-0.8343791366,-0.5842812061,0.6992775798,1.3207885027
-0.196637392,0.2239411324,-0.0068710302,-0.9545348883,-0.0644850209,0.8408632278,0.8498914838
-0.2235248983,0.5998728275,0.0639375523,-0.7655724287,-0.941499114,1.0004914999,0.8851681352
-0.177033335,0.1445446759,0.1242898852,-0.9655662179,-0.1301154196,0.7120547295,1.7220276594
-0.2856084704,0.4785844088,-0.0191735588,-0.8300706744,-0.7571900487,0.8073801994,1.145899415
-0.0214249492,0.557215929,-0.0190219246,-0.8298732638,-0.5604913235,0.8797240853,0.6238096356
-0.1702799499,0.5187649131,-0.0511778183,-0.836222887,-0.4362949133,1.000977993,0.9135647416
-0.1930404752,0.7005124092,-0.050367862,-0.6851866841,-0.3761898875,0.8497703671,0.3352016509
-0.1910889894,0.2242335081,0.1191931069,-0.9481547475,-0.0446371026,0.7926204801,0.7309723496
-0.2187599838,0.5473606586,-0.0844554901,-0.8033726811,-0.515879631,0.8769724965,0.6348868608
-0.1744782925,0.4197641909,0.0578985885,-0.8888212442,0.0009876831,0.7546699047,0.9794695377
-0.1381539106,0.2759874463,-0.0418962017,-0.9502574801,-0.0198288541,0.8522846103,0.8567771912
-0.0943866894,0.3439228535,-0.0443050154,-0.9331910014,-0.1917806268,0.8885093331,0.8960937262
-0.193327561,0.0525775589,0.0521844104,-0.9783337712,0.5165227056,0.8656818271,1.0536535978
0.1093156859,0.6926279664,-0.0493588001,-0.7112526298,-0.8424833417,1.1093271971,0.4945285916
-0.2139293253,0.5005427599,-0.0596863441,-0.8367369771,-0.6772910953,0.9938543439,1.0047761202
-0.1625559181,0.5702033043,-0.0293067005,-0.8047266006,-0.3976128399,0.8529074788,0.9488048553
-0.0271231774,0.6787397861,-0.0713802427,-0.7303982377,-0.8949946165,1.0952781439,0.8134381771
-0.2764506936,0.537632823,-0.021059664,-0.7962929606,-0.5701724291,0.8305584788,0.7590137124
-0.0693899468,0.5865460038,-0.0173390992,-0.8067516685,-0.7975934148,0.7299708724,1.2302643061
-0.1124033704,0.3676419854,-0.0946186557,-0.9182876945,-0.6053245664,0.974039495,1.3427906036
-0.1296071559,0.3253549039,-0.0638535395,-0.9344886541,-0.5414913893,0.7679521441,1.235131979
-0.0915792733,0.7401106358,0.0197445918,-0.6659276485,-0.895516932,0.8290721774,0.470731765
-0.0964961722,0.1395991147,-0.0631793216,-0.9834678173,0.1816941351,0.8913767338,1.5140234232
-0.1438062191,-0.1532915682,0.0659072325,-0.9754372239,0.6041110754,0.8140479922,1.1277229786
-0.0731984302,0.315389514,0.0614971593,-0.9441343546,-0.4258011878,0.7660713196,1.4395474196
-0.1609636992,0.5039334893,0.057571616,-0.8466565013,-0.9866213799,1.0453239679,1.0754132271
-0.1895460337,0.2870500088,-0.0071403277,-0.9389481544,0.013870731,0.8386356831,0.9792320728
-0.2054190636,0.2975868285,0.0813535079,-0.9287770391,-0.2044963241,0.7385587692,1.3891906738
-0.2550170124,0.5953557491,-0.115823701,-0.7530623674,-0.5229075551,0.8019979596,0.5244684219
-0.1893569827,0.5799511671,-0.0259502474,-0.7919137478,-0.4189324975,0.8690063357,0.5098400712
-0.0911625773,0.5142224431,-0.0183943901,-0.8525996804,-0.5933330059,0.7840464115,1.1798590422
-0.1003104746,0.5243319273,-0.0408367254,-0.8445982337,-0.447006464,0.861905396,1.079714179
-0.0518736281,0.6130297184,-0.0324652642,-0.7876862884,-0.3936174512,0.8645179272,0.5482997298
-0.0152700171,0.6415460706,0.0127227446,-0.7668269873,-0.8312300444,0.9025031924,0.999055326
-0.0286616907,0.7367604375,0.073481895,-0.6715378165,-0.8702656031,0.8852548599,0.7272162437
-0.2162602693,0.2944761515,-0.0673403069,-0.9284291267,-0.3546282947,0.8780815005,1.3523255587
-0.1070028245,0.0482780486,-0.0318839252,-0.9925739765,0.1024533883,1.0770127773,1.5789117813
-0.1009708792,0.1376678795,-0.0626032576,-0.9833276868,0.322460264,0.8364022374,1.3984650374
-0.1047856808,0.2421010435,-0.0741942748,-0.9617184401,-0.1266114414,0.9161183834,1.1069959402
-0.1928458363,0.3470017016,0.0022423845,-0.9178209305,-0.9857340455,1.0532659292,1.4257040024
-0.0912173688,0.5683908463,0.048819501,-0.8162278533,-0.8392785192,0.8404533863,0.8533989191
-0.216852814,0.5052755475,0.0547130406,-0.8334735036,-0.5782421231,0.8495800495,1.2095910311
-0.2073047608,0.6124089956,-0.040504586,-0.7618001103,-0.8464090824,0.9105654359,0.6806976795
-0.238921836,0.1295962632,0.0368334688,-0.9616467953,0.1516296566,0.8635177612,1.0591577292
-0.254185766,-0.0760496408,0.0980865881,-0.9591585398,0.7460844517,0.8742577434,1.2733129263
-0.1307377964,0.2683861256,0.0347496532,-0.9537656903,-0.3376232386,1.0311459303,1.5444778204
-0.1678219289,0.5876535177,0.0741582513,-0.7880353928,-0.8338109255,1.0828133822,1.0478607416
-0.1524721086,0.2483411133,-0.0052608326,-0.9565831423,-0.4822845459,0.8495254517,1.2926965952
-0.1430739164,0.6320919394,0.0969454199,-0.7553749084,-0.8588708639,1.0947288275,0.707660079
-0.274726361,0.3548552692,-0.01029607,-0.8935867548,-0.4269174337,0.8639727235,1.1117507219
-0.2511578798,0.4887492657,0.0498578064,-0.8340013027,-0.5193035007,0.9151895046,1.1092019081
-0.0951501057,0.6192789674,0.0021674258,-0.779381454,-0.9062236547,0.831772089,0.587916255
0.0201915335,0.2912468612,-0.0684692711,-0.9539809227,-0.2405640036,1.0959123373,1.2072814703
-0.033831276,0.575238049,-0.0263744369,-0.8168605566,-1.1862756014,1.13098526,1.0150537491
-0.196397081,0.5176515579,0.0722071007,-0.8296091557,-0.9739479423,1.1102129221,1.2027333975
-0.1900595874,0.6157754064,-0.0925177038,-0.7590379715,-0.667622447,0.9417772293,0.5880483389
-0.1900595874,0.6157754064,-0.0925177038,-0.7590379715,-0.667622447,0.9417772293,0.5880483389
-0.1661144644,0.4798058569,-0.1459768265,-0.8490483761,-0.8499110341,0.9029790759,0.6500580311
-0.240656063,0.5259048343,-0.0172419995,-0.8156050444,-0.4751710296,0.8636360168,0.7229489088
-0.2178712785,0.5964176059,0.021777574,-0.7722331285,-0.8435163498,1.019784689,0.738735199
-0.1692504436,0.4276434779,0.0166355353,-0.8878054619,-0.6864026189,0.8481490612,1.3091959953
-0.1609627306,-0.1972461939,-0.0157234315,-0.9669217467,0.5990803242,0.8726730347,1.1454366446
-0.1791276038,0.5188362002,0.0038033458,-0.8358875513,-0.4126015008,0.8620915413,1.3115466833
-0.0958934426,0.0112485625,-0.0495070666,-0.9940961003,0.4544629157,1.0552994013,1.1461677551
-0.1204918921,0.3187032342,-0.0561013445,-0.9384896159,-0.0677605569,0.9838898778,1.0099824667
-0.2356088758,0.2748685181,0.0478774272,-0.930936873,-0.4944616258,0.8857195377,1.3654031754
-0.0939995646,0.7212739587,-0.0824422315,-0.6812718511,-0.7289903164,0.8738978505,0.618014276
-0.1321541369,0.5915573239,-0.0481872186,-0.7938975692,-1.1920685768,0.8110994697,0.6511047482
-0.1114080697,0.6171122789,0.0987897292,-0.7726587057,-1.1209028959,1.0402735472,0.6767209172
-0.2156112492,0.4971736372,0.0238033105,-0.8400973082,-0.4769647419,0.829800427,1.1013518572
-0.0741740912,0.5327942967,0.0335626379,-0.8423194289,-0.4728548825,0.6680745482,0.9270377755
-0.2252355367,0.6500818133,-0.0660873801,-0.7226999402,-0.9366162419,0.9244963527,0.6075049043
-0.15092282,0.7323343158,-0.0937219486,-0.6573622227,-0.6576218605,0.9041703343,0.5485431552
-0.1765303612,-0.107392922,0.0985063761,-0.9734476805,0.9679155946,0.9210162163,1.0932826996
-0.0323263071,0.3774326742,0.0582269169,-0.9236391187,-0.2438981086,0.898727417,1.1923789978
-0.1171126738,0.040876694,0.0487612374,-0.9910782576,0.3601773083,0.9861653447,1.0121665001
-0.2136849165,0.553911984,-0.1456015259,-0.7914041281,-0.5843898058,0.7901356816,0.8201925755
-0.0315839686,0.6007874608,0.093448095,-0.7932997346,-0.8297544718,1.0058597326,1.108088851
-0.1076735556,0.5744395852,-0.0133078322,-0.8113251328,-0.7069730759,0.8183431625,1.0926337242
-0.2390544564,0.3920579851,0.044031363,-0.8872456551,-0.2587841451,0.7784731388,1.1392980814
-0.1264410168,0.3292528987,0.0383604243,-0.9349511862,-0.2093111426,0.7124091983,0.8283036351
-0.1937315911,0.5563524961,-0.0175359491,-0.807856679,-0.4373183846,0.8491237164,0.6480363607
-0.0526297279,0.7788341045,0.0342727415,-0.6240776181,-0.4412769675,0.9305720925,0.1739085913
-0.1489076316,0.4592806399,-0.1100221053,-0.8687824607,-0.3843204379,1.001658082,0.8539591432
-0.1125950962,0.4814173877,-0.1049585044,-0.8628692627,-0.4880311489,1.1075018644,0.891190052
-0.1651282758,0.3953433335,-0.0280663092,-0.9031326175,-0.4292033315,0.8695278764,0.8272700906
-0.0938070789,0.4372107685,0.0337346941,-0.8938170671,-0.2793099284,0.9457502961,0.7736433744
-0.0102777109,0.4664976895,-0.0204190053,-0.8842270374,-0.2148332447,0.8838508725,0.9093406796
-0.2272154838,0.2672871947,-0.0156363696,-0.9363152385,0.1400408,0.8680553436,1.0197027922
-0.1484172493,0.4729092717,-0.0631344095,-0.8662235737,-0.3662616313,0.9079437256,0.6844389439
0.0060308217,0.3004547954,0.1108600348,-0.947312355,-0.1948119253,0.9004568458,0.9853905439
-0.0067794686,0.3363795877,-0.0312730782,-0.941182673,-0.0583365373,0.9720439911,1.0269227028
-0.1445735544,0.2266836315,-0.0014182386,-0.9631776214,-0.0323063768,0.8159739971,0.9305146933
-0.0992574617,0.257553637,0.0601150244,-0.9592707753,-0.0661035553,0.9681543708,0.8835786581
-0.1619682908,0.2097054422,-0.0128954304,-0.9641699791,-0.0595620386,0.7955592275,1.0739465952
-0.1774959266,0.3491161168,0.1259700358,-0.9114519358,-0.1016186774,0.8208206296,1.1043829918
-0.226322189,-0.0617082268,0.1263262481,-0.9638527036,0.7706410885,0.8970784545,1.3240545988
-0.0733222142,0.038270317,-0.0744172633,-0.9937914014,0.3482580483,0.929597795,1.1596788168
-0.1164327338,0.5651670694,-0.0030425922,-0.8167131543,-0.8673883677,0.9185985923,0.6616916656
-0.2904502153,0.3119004369,0.0269943625,-0.9042279124,-0.3369910717,0.8041181564,1.2061555386
-0.0730678216,0.6116548181,-0.0494927242,-0.7861869335,-1.0449824333,0.9350252748,0.9028428793
-0.2987316251,0.4751699269,-0.01510261,-0.8274931312,-0.8698150516,0.8185472488,1.0727707148
-0.0837552845,0.3697634637,-0.05830051,-0.9235048294,-0.6466814876,0.9346717,1.1911708117
-0.1313497722,0.6246932149,-0.0005193283,-0.7697437406,-0.882923007,0.9567093253,0.6273829937
-0.2133256346,0.6463137269,0.0939751416,-0.7265943885,-0.9821922779,0.9410306811,0.9135246873
-0.1132919937,0.714165628,0.0450850427,-0.6892749071,-0.708589077,1.1230496168,0.8322879672
0.0423844419,0.5970603824,-0.0655286685,-0.798391223,-0.4218052328,0.9400468469,0.5283591151
-0.1847923994,0.4198230505,-0.0469344221,-0.8873542547,-0.8474594951,1.0248612166,1.4006900787
-0.1667481959,0.2683414817,0.0065707769,-0.9487595558,-0.349016279,0.7841084599,0.8067668676
-0.177110523,0.7147516012,-0.1467449963,-0.6604754925,-0.207398653,0.8004320264,0.2693414688
0.0065889289,0.6390464902,0.0080741094,-0.7690975666,-0.2576918006,1.004758358,0.3928916752
-0.0431402698,0.5486552715,-0.0257786755,-0.8345368505,-0.3190792799,1.0035945177,0.4620779753
-0.1630020589,-0.1513986886,0.0548200458,-0.9733979702,0.8049577475,0.8600168228,1.1277350187
-0.0730293617,0.353421092,0.0257766321,-0.9322531819,-0.1551865488,0.8423876166,0.9674917459
-0.2723164558,0.1889155954,0.049251873,-0.9421937466,-0.2506537139,0.806746304,1.3496494293
-0.1211006492,0.6754222512,-0.1069175154,-0.7195193172,-0.899484396,0.9054862857,0.654309392
0.0072950735,0.3034877181,-0.0823618546,-0.9492411017,-0.1615659297,1.0528930426,1.330083251
-0.0633641407,0.5842585564,0.0632361025,-0.806615293,-1.1184365749,1.2067629099,0.8789863586
-0.1734696031,0.7262265086,-0.1415165812,-0.6499819756,-0.2192425728,0.8065438271,0.3120200932
-0.1717593074,0.4948359728,-0.0318956599,-0.8512454629,-0.5712346435,1.0358328819,0.7977307439
-0.1447462142,0.259031415,0.0939048603,-0.9503332376,-0.0466030128,0.9367060661,0.8014620543
-0.1590662748,0.2022547126,0.0968197361,-0.961466074,-0.2495035678,0.7562610507,0.970631659
-0.126126647,0.6491891742,-0.0342378281,-0.7493152022,-0.7561991215,0.8343481421,0.6093603969
-0.1671075672,0.454814136,0.044969704,-0.8736115098,-0.831741631,0.9242994189,1.058906436
-0.3014184535,0.5624192953,0.029047111,-0.7694073319,-0.8841556311,0.7935587764,0.9453740716
-0.1289960742,0.4875732362,0.0893357694,-0.8588663936,-0.9098450542,0.8860831261,1.0551489592
-0.1996081024,0.610217154,0.0246563852,-0.7662791014,-0.986022234,0.9128143787,0.9643741846
-0.1113514826,0.6908298135,-0.0391863585,-0.7133158445,-0.789830327,0.8875291348,0.8005978465
-0.1743533462,0.2056102306,0.0725857913,-0.9602378011,-0.4909021854,0.9779176116,1.3635298014
-0.1195603162,0.6129961014,-0.0095781982,-0.7809284925,-1.0276919603,1.1152501106,0.6934388876
-0.1627687663,0.5003573298,-0.1377444565,-0.8391516805,-0.8607363105,0.8936576843,0.6809363961
-0.2701803446,0.5085769892,0.244681254,-0.7800532579,-0.4821526408,0.7854658961,0.8018090725
-0.2052300274,0.5201833844,-0.0292964615,-0.8285117149,-0.5454889536,0.8881661296,0.7188349366
-0.0876327902,0.7607930303,-0.0246528126,-0.6425782442,-0.498924315,0.7871916294,0.3991318643
-0.0414642021,0.4947080612,0.0238928162,-0.8677406907,-0.7222161293,1.1255649328,0.8457282186
0.1372650117,0.2279221267,0.0279989466,-0.9635486007,0.344592303,0.998087883,0.8655388355
-0.1884320825,0.1849658042,-0.0117888171,-0.964438796,0.1330213994,0.8820347786,1.0838909149
-0.0440833606,0.3395966887,-0.0933862031,-0.9348849654,-0.1071159169,1.0419546366,0.9216287136
-0.0675174668,0.5753138065,-0.0578451976,-0.8130862713,-0.481787473,0.8481612206,0.7865441442
-0.0221446455,0.3850477338,-0.0785602108,-0.9192803502,-0.1335228831,0.8505244255,0.7340660095
-0.1615224183,0.220856905,-0.0206189696,-0.9616172314,0.0774466619,0.9175140262,0.873590529
0.0037542898,0.2014875263,-0.0364114866,-0.9788069725,0.0295915976,0.9946880341,0.7464779615
-0.1661661714,0.3711766005,-0.0420230106,-0.9126065969,-0.1604365408,0.9129741192,0.9775932431
-0.2099600881,0.488080889,0.0079355333,-0.8471308947,-0.6343174577,1.0310162306,1.0366610289
-0.1804005504,0.8065461516,-0.098633945,-0.5542654991,-0.753151536,0.9077946544,0.4219709635
-0.1192846894,0.5091084838,-0.0815217271,-0.8484892249,-0.7330017686,0.9540618062,0.7975606918
-0.2134572268,0.493501246,0.0586053133,-0.8411051631,-0.9371108413,0.905623734,1.0371314287
-0.1962396353,0.6348378062,0.0119564682,-0.7472136021,-0.9899178147,0.9231348634,0.9082862735
-0.1062750965,0.6395363808,-0.0237586256,-0.7610087991,-0.7139676809,0.8840566278,0.8102280498
-0.2688195705,0.4978529215,-0.061435204,-0.8222555518,-0.8919462562,0.8486948609,0.9894271493
-0.1739876419,0.4721686244,0.1264577508,-0.8548646569,-0.7811009884,0.9452161193,1.1957689524
-0.1900595874,0.6157754064,-0.0925177038,-0.7590379715,-0.667622447,0.9417772293,0.5880483389
-0.155248493,0.4527823627,-0.1022707298,-0.8720245957,-0.2549682856,0.8727934957,0.8435710669
-0.0672285184,0.592929244,0.0668069571,-0.7996575832,-0.8224738836,1.0453432798,0.6155054569
-0.2979562879,0.4095591605,0.0772318617,-0.8587890267,-0.0853956491,0.7216742635,1.0259238482
-0.2041227221,0.5703402162,-0.0774001181,-0.7918682098,-0.9842466116,0.896707058,0.8434222341
-0.1729939282,0.6009228826,-0.1513941884,-0.7655355334,-0.3758898079,0.836540997,0.5695391297
-0.221598208,0.1791671813,0.0332132205,-0.9579614997,0.2696413696,0.8840813637,0.9971199632
-0.1014676094,0.1710150242,0.0120093143,-0.9799561501,0.2685656846,0.9020859599,0.9872351885
0.0926551968,0.6578342319,0.0334148929,-0.7466944456,-0.5190604329,1.4398978949,0.749273479
-0.2020981759,0.2934269905,0.0087720277,-0.9343340397,-0.0510624833,0.8856691718,1.0146064758
-0.0116181383,0.614928484,-0.0677212551,-0.7855837941,-0.5069387555,0.9647076726,0.6487775445
-0.2856677771,0.5108168721,-0.0114284763,-0.8107585907,-0.565145731,0.8086152077,0.5977833867
-0.1558597237,-0.0667576268,0.0647218376,-0.9833932519,0.691772759,0.7878811359,1.0325602293
-0.1979869902,-0.0831079185,0.0979650319,-0.9717495441,1.1201039553,0.922400713,1.032794714
-0.0775231868,0.1954622418,0.0660244524,-0.9754104614,-0.125530228,0.9014949203,1.1569222212
-0.1510492861,-0.0288977697,0.0393913798,-0.987318337,0.5440860391,0.8460515141,1.2389278412
-0.231080696,0.5967363715,-0.1140148342,-0.7599394917,-0.4103981555,0.8382387757,0.5746632814
-0.2740226984,0.2294972688,0.0459607802,-0.9328076839,-0.2350675613,0.8241413236,0.8879522085
-0.2203167528,0.7727970481,0.0124077629,-0.5950558186,-0.7417682409,0.8498439789,0.5673918128
-0.07417465,0.4901800454,-0.0737650394,-0.8653209209,-0.3163282871,0.9304184318,0.5383243561
-0.05822758,0.516774416,0.0250511374,-0.8537718654,-0.164051041,0.8822533488,0.8951464891
-0.2016713172,0.3613196313,-0.0415871404,-0.9094215035,-0.0623674728,0.862744987,0.9944425225
0.0286242459,0.4624314606,-0.0613474846,-0.8840669394,-0.4465421736,1.4002634287,0.8585659266
-0.2221285999,-0.1317991465,0.1387313753,-0.9560552239,0.5818021894,0.8306251168,0.9410104752
-0.1485985667,0.0465338901,0.0165512357,-0.9876635075,0.4130832553,0.870347321,1.3313294649
0.0058452948,0.3751601279,0.0271518733,-0.9265438914,0.0726004988,1.1804519892,1.1511932612
-0.0850357786,-0.2566320598,0.0471063405,-0.9616080523,0.8627386689,0.9629158378,1.3005446196
-0.2810418606,0.5453548431,-0.0152462432,-0.7895385623,-0.5381104946,0.8154848218,0.6032483578
-0.1471418142,0.4799795747,0.1202142239,-0.856456399,-0.1545801461,0.890868187,0.615226686
-0.1642451435,0.2912510633,-0.0558507368,-0.9407853484,0.187570855,0.906502068,0.9567873478
-0.0863592774,0.1391164511,-0.0346285366,-0.9858953357,0.2055637836,0.8816162944,0.9538269639
-0.0506543443,0.2817358077,-0.0574143007,-0.9564323425,0.0550074503,0.8208286762,0.8774966002
-0.07096982,0.2723947763,-0.0322968587,-0.9590210319,-0.0486034937,0.894306004,0.8090204
-0.0917886794,0.5676380992,-0.0878839716,-0.8134114146,-0.6420099139,0.8705042005,0.8857005835
-0.1558277756,0.4235219657,-0.0994338989,-0.8868256807,-0.4643611312,0.9730434418,0.8594670892
-0.0614838675,0.4317912161,-0.0257232375,-0.8995078802,-0.1536405832,0.9695474505,1.026771903
-0.2155478448,0.3924401999,0.0645698681,-0.8918299675,-0.2212935388,0.8313558698,1.2423567772
-0.1858763397,0.5947284102,0.0280946512,-0.7816386223,-0.530097723,0.9726907611,0.6446771622
-0.0103529692,0.2688767314,-0.0466318354,-0.9619894028,0.1700845212,0.8492520452,0.7978789806
-0.0432656035,0.2245504409,0.0093227886,-0.9734568596,-0.0055979742,0.7784460187,0.7301856279
-0.1473197043,0.4832981527,-0.0067494335,-0.8629451394,-0.1890370697,1.0432392359,0.8094440699
-0.1552298516,0.3892044425,-0.073461026,-0.9050012231,-0.2343276143,0.8199509978,0.8535190821
0.0227653626,0.4609062374,-0.0453757383,-0.8859956265,-0.340089947,0.874799192,0.791133523
-0.0874313563,0.1881172508,0.2052396536,-0.9564750195,-0.213829264,0.963435173,1.2569221258
-0.1410869807,0.387180984,0.0019545427,-0.9111430645,-0.0411346406,0.7464414239,0.8197683096
-0.2444304824,0.3634674847,0.0169749726,-0.8988087177,-0.4007682502,0.9045841098,1.1271589994
-0.1763310581,-0.1415378898,0.084508568,-0.9704291224,0.4494366944,0.9634498954,0.8883202076
-0.1957909316,-0.1103535816,0.0730894357,-0.9716717005,0.3692935705,0.848767221,0.9761254787
-0.1300345361,0.4221726358,-0.0709647909,-0.8943295479,-0.1560219526,0.9323194623,1.2074947357
-0.1791788638,0.2190443426,0.0025553193,-0.9591183662,0.2330382317,0.8219429851,1.0723081827
